constant,2019-02-19,2019-03-21,2019-03-26,2019-03-31,2019-04-25,2019-04-28,2019-04-30,2019-05-15,2019-05-20,2019-05-25,2019-05-28,2019-05-30,2019-06-07,2019-06-09,2019-06-14,2019-07-04,2019-07-19,2019-07-29,2019-08-03,2019-08-08,2019-08-13,2019-08-18,2019-08-28,system:index,number,type
,0.04090187719395179,0.017318265375855575,0.021231811923451124,0.005137679696119984,,,0.010035853482077186,0.02001234863626886,,,,0.0063067529645236785,,0.0073672042535439086,0.030740959441527934,0.026891968579770633,0.014313508063936404,0.004336797744052201,0.022214638270968364,4.526698533121025E-4,0.019893266224658167,0.013168393515880719,0.010209716504939839,0,0,TT
,0.009501961745162086,0.015401274613992913,0.03643075714015071,0.02657887321362851,,,0.16250584088155393,0.2426721285969083,,,,0.25950595328239134,,0.20471036032116985,0.21665776889077118,0.15755627009646303,0.11986723168205136,0.1009140793670336,0.12288606320606198,0.11276887311332705,0.13133298162569731,0.12441923529181999,0.11493036190259488,1,1,TT
,0.00949377078372207,0.005122325806586599,0.02512396423506858,0.011979607060623725,,,0.09954203292042912,0.19393917020419593,,,,0.25134131858973663,,0.2211469493685084,0.22120893447313322,0.18887809648913434,0.12417441266020461,0.09218176886449403,0.11768674413679218,0.11070566226807431,0.1325880161249648,0.13548897434351562,0.12234079791585724,2,2,TT
,0.009991366819881565,0.006078085589348412,0.025087006872344327,0.01247752200791486,,,,0.19783297622799054,,,,0.2603676744533847,,0.22418312550101976,0.22096401162154855,0.18115497046352816,0.11781371243504352,0.08471486047202705,0.1092046780117378,0.10091946514707392,0.12333438923836418,0.12281447659371228,0.10571322052122194,3,3,TT
,0.01002232150601467,0.00612746570949177,0.026122491383078855,0.013380709285306637,,,,0.2093011822146721,,,,0.2664640585435834,,0.2291566896119871,0.22524922868677769,0.18091865765394216,0.11462851507931944,0.08251114646618066,0.10800807207475555,0.09826149320507462,0.12164232666618684,0.11083665760339809,0.09415827469202422,4,4,TT
,0.012341895148965764,0.00856678882598925,0.030440812364231577,0.01784560069050133,,,0.18757299696332633,0.20854030686168928,,,,0.2588556131992639,,0.2224540907899762,0.22435278702826064,0.17747692202717244,0.11936544436318491,0.09103324712677587,0.11981948763819729,0.11010746758686826,0.1302029747800079,0.1168956886347358,0.10426982754031114,5,5,TT
,0.012427552242396289,0.01042524377713541,0.032934093525249404,0.02091016420510669,,,0.10967059602757871,0.20548413978225666,,,,0.2567130691426467,,0.22311093870216508,0.22391437626638158,0.18676808329571973,0.12257415144637418,0.09805742501233365,0.12934825698402225,0.12646670601310742,0.14688355639105044,0.13501084415430498,0.13136959546626356,6,6,TT
,0.011953829887452597,0.003158822981344435,0.020262765137730242,0.006102238700886713,,,0.04246506853937573,0.13775867408589706,,,,0.1748163183421925,,0.21218223005285677,0.23004177188486158,0.1430693004745206,0.10397955024124704,0.08350866060843305,0.11072074118441334,0.10401052949217801,0.12352290968826349,0.11086009253977987,0.09530345676722882,7,7,TT
,0.012077469197785023,0.004994334004088528,0.024661191402482355,0.00998877822411118,,,0.03782211252461192,0.13338610928596062,,,,0.22026319887104406,,0.17303683113273105,0.17550169470484453,0.08237422110248768,0.01733056741859191,0.0022096952617282114,0.021216340237914296,0.005360550391528271,0.024009900323747932,0.011174813785749759,0.006112106231053058,8,8,TT
,0.011112946541137099,0.003171849306479401,0.023692015656994254,0.009478847955934984,,,0.03955862482902165,0.1259428895697547,,,,0.22377905110546276,,0.16487648131498264,0.17230560759488397,0.10286100643737073,0.019044656744784318,0.0034146268619098565,0.023906165710404954,0.007260612084854202,0.02682673704884857,0.01317499936890149,0.0053877216883392726,9,9,TT
,0.016973933669879874,0.026638500102738116,0.05690047838412822,0.04667375182575062,,,0.16553887272219314,0.2216704316954385,,,,0.1728567903215428,,0.118743747570185,0.14501549057982524,0.14897183583526855,0.10595181963590815,0.08057748255597676,0.10474858232408145,0.09426297834600317,0.11448685826202701,0.09909445592758298,0.09126419177559633,10,10,TT
,0.01648717175851471,0.02772211731059212,0.06019526746170978,0.0500519534737366,,,0.1743563394377752,0.22909390349876185,,,,0.17537685274287665,,0.11868761914782736,0.14893105783421812,0.14248746563157044,0.10959609680928371,0.08230638779350967,0.10599003867226924,0.09496065492868189,0.11405914785777897,0.09788404186269552,0.08958112862918409,11,11,TT
,0.004673865388134241,-0.001210496917333935,0.015352946173493209,7.62279496143287E-4,,,0.0015116146770095017,0.015091397508609211,,,,9.227973952744034E-4,,0.002476754154180395,0.025850630351460634,0.06758410246407928,0.008556781249320678,-2.699193710678477E-4,0.01221703009036945,-0.008616606891513036,0.013939565951688982,0.005644162082983973,0.0016913801465713793,12,12,TT
,0.009036436113272612,0.018809217379505146,0.05005546868317492,0.03791899287241497,,,0.1427367178105001,0.2197201077062458,,,,0.18445761754628032,,0.14190364005651904,0.14785618908037373,0.07271713376106632,0.028611348559987856,0.009322469759958546,0.027777291224690345,0.014157709208820738,0.03364243391278969,0.024172197826524827,0.01737904712697269,13,13,TT
,0.0036740306899091363,0.012442343619508188,0.03737016102872568,0.03193954276524103,,,0.1861524524201703,0.25827747159736125,,,,0.24866451644764612,,0.19287146361240787,0.18972695370812512,0.06714002251401145,0.029085416447118456,0.015185727215840245,0.034668425441274985,0.019054187372099563,0.03866702064066148,0.029083586231293413,0.02271156462474266,14,14,TT
,0.006597546851487156,0.016079419503229473,0.04245575900810395,0.03848127262623208,,,0.1978361672808776,0.2588532475800568,,,,0.24897166579359947,,0.192918635028608,0.20849806241188953,0.0691683082144244,0.039511862958148146,0.027838160525740497,0.0493594375138599,0.033662062240891515,0.053191112754745806,0.04053086618462848,0.034701660347709364,15,15,TT
,0.03662447012131857,0.06330500857567473,0.09268606389047765,0.09066241545871202,,,0.286285913917688,0.34290032000810666,,,,0.28614774747357064,,0.206464980999352,0.18979281237793288,0.10442066749092657,0.0671422633600657,0.0437354748509766,0.04170608296570222,0.02800220530368886,0.05101334822460766,0.039810840533638286,0.03197270784235287,16,16,TT
,0.0475018968484798,0.07457890150899373,0.10073529411764706,0.09991511474398265,,,0.28136511481025694,0.35770609318996416,,,,0.30212250540662183,,0.22249942510962564,0.1946893445827043,0.09637453031380115,0.0632144461279892,0.04209255072796364,0.037505843331360304,0.024879829481286204,0.0474859377155539,0.0365482354445365,0.03147491129255673,17,17,TT
,0.06397005612697254,0.09670597826632084,0.12545821581552868,0.12434717664411189,,,,0.3467729517182745,,,,0.29766208910475395,,0.22537892571289556,0.20622906064883526,0.09450585087037652,0.05710168807037718,0.03950279601377871,0.03183758320775687,0.024894113157747318,0.04540968946919531,0.032733859017940695,0.026808304577891275,18,18,TT
,0.0036724057661574484,-0.001478959620791417,0.01810129224869598,0.0024083045666731247,,,,0.018675746433269365,,,,0.002969973981931291,,0.0014348425544622192,0.024869077990697663,0.039897195937483546,0.00919418517974766,0.0034613381728381396,0.012130658222516348,-0.004403539577823663,0.015137722589081385,0.0072502089563384105,0.0033732960810232237,19,19,TT
,0.01684113743656415,0.020233010580045212,0.04319039063331804,0.032498171203891514,,,,0.13171829100443963,,,,0.09840125632620877,,0.11566867661230283,0.14984994935699444,0.10301592513830583,0.07445211946830761,0.06616956074041185,0.0920773199174064,0.08330083139209433,0.10267025745552644,0.09063248811221349,0.08182542747699077,20,20,TT
,0.015361540332311864,0.02269950155817553,0.04763865401801671,0.03735233164702976,,,,0.22167030189308537,,,,0.07927356586912655,,0.13124505270944856,0.14206778181560276,0.14525766327251308,0.10324116204125278,0.08813867622894604,0.11110303496156473,0.10132904898817012,0.12183712977725096,0.10575726323458001,0.09691724203475914,21,21,TT
,0.0034241326368412927,-5.054569682823352E-4,0.019046118022170596,0.002496424072600249,,,,0.041491024879328736,,,,0.0029470067581535047,,-0.0043735382628554646,0.019965364687290068,0.0891218872870249,0.010006129651883482,0.0012322090211732582,0.013461341527576585,-0.004174148225002885,0.016381987485132428,0.008062590294774324,0.0036216465137058943,22,22,TT
,0.01728919323882451,0.02511981982916935,0.05153220144571024,0.04273598237439302,,,,0.24861677984035158,,,,0.03997595431319507,,0.1263945967548601,0.1478497368428409,0.1603348015832888,0.11401161953598758,0.09253244951838833,0.11550509905048495,0.10524369852735706,0.12382837073682405,0.10665385774014585,0.08912080613186883,23,23,TT
,0.016226002914803535,0.024025777920364814,0.04713625512796199,0.03742179716629012,,,0.1064516129032258,0.20588754160538564,,,,0.10800620980261699,,0.10306277925600625,0.12164206212722449,0.1488438117185823,0.1046878132639241,0.07988458818874322,0.10321316219673995,0.09102892258353053,0.10865408963675031,0.09249598012831484,0.07298388499789268,24,24,TT
,0.016708398529392605,0.022109717540544846,0.04512961604301105,0.034462510707448754,,,,0.21730340783552074,,,,0.17446770631856504,,0.11869326675186029,0.13626922570889982,0.10665362035225048,0.10716813995500021,0.08237424980010813,0.10413450508839615,0.09256332942284376,0.11112974356826327,0.09515940603490892,0.07300628683596984,25,25,TT
,0.0110804397150444,0.019403107996433352,0.04625098334960826,0.036960969536384676,,,0.14612265738531752,0.2690945745578294,,,,0.24716007423759612,,0.16447933461628114,0.1653717536252536,0.15355672129199505,0.1125620519220336,0.09008560936482775,0.11117117668560525,0.09790328533222219,0.11697604418595899,0.09742230855345195,0.0794199518803603,26,26,TT
,0.01597968755699089,0.02481198958681472,0.05098572399728076,0.04265858139813121,,,0.14857849196538936,0.26326455716286223,,,,0.2401009561582762,,0.16942381118510133,0.17108922267421825,0.16201117318435754,0.11811199205300559,0.09681144739030138,0.1160041805786757,0.10517561987146118,0.12336456852613951,0.1031565158210721,0.08458444584470537,27,27,TT
,0.01721796366515401,0.02429873347252128,0.050410062597358904,0.041125657022586026,,,0.1294559099437148,0.22892905747357006,,,,0.22319385581384985,,0.15206380427720045,0.145782620912453,0.30212894458704515,0.10752502710677381,0.08724404426742577,0.10933110590724952,0.09530596589739203,0.11461162411732755,0.09844559585492228,0.07945949279047906,28,28,TT
,0.014003129163111328,0.020636981704651187,0.046249984240128834,0.03597340352732496,,,0.11940636584840136,0.2203191902506078,,,,0.19864216853347766,,0.14318401180484402,0.13740217472086944,0.2618343195266272,0.10584963028320425,0.07974988523322905,0.09953789962595394,0.08872859468201306,0.10754238880222254,0.0995271154701977,0.07481593772365924,29,29,TT
,0.013938265745799733,0.020258749141402754,0.0456433530399593,0.03437667751223208,,,0.12044784561337113,0.24100031625968124,,,,0.22179800234516575,,0.1684898232204711,0.1558776528843056,0.15342030841697368,0.11837696360253865,0.09059720614593092,0.11059688587987072,0.10017036897464551,0.11934088515242504,0.10627747122835204,0.08523764847465048,30,30,TT
,0.03004225185406415,0.0021730361197050034,0.017357918616993928,-7.55832091770971E-4,,,0.00538233873056168,0.020438745630975908,,,,0.014508001893289785,,0.002700056215656571,0.024881526783165738,0.05963249926877344,0.011162451816949706,0.0024508680012673666,0.013154941051205061,-0.003398104316434758,0.016060800183268154,0.006336881538810787,0.004351106313246786,31,31,TT
,0.042693566170531744,0.0036508770864127236,0.018759285994412456,-3.176797293613362E-4,,,0.00537712726979409,0.021977874693490215,,,,0.004387131377534765,,0.0033943140244121982,0.02682613096709063,0.042336730698457316,0.011484072220675505,0.0031678021090712303,0.01219750343476245,-0.0031839814979542176,0.01733335720354554,0.008566576099687036,0.0051196224531180595,32,32,TT
,0.011924679377105521,0.015825857104921334,0.038297788519363565,0.028065129887503894,,,,0.303328129354109,,,,0.33648530577345925,,0.24245092674856675,0.20259544551927502,0.05225394862538368,0.03784164694527957,0.013163246915736332,0.030726461496330855,0.013183562579005003,0.031701116235640724,0.021032494983943505,0.013208182850763842,33,33,TT
,0.012503529026853581,0.01722248685041871,0.04126753455613055,0.03144060616577835,,,,0.3432798449632397,,,,0.3637912547229219,,0.2819342804592199,0.2063153938381096,0.06010607504507012,0.026802343937761486,0.01906135397809393,0.03755959296032369,0.020046834389160537,0.037571361934154335,0.026887926817257272,0.01808275808103335,34,34,TT
,0.009551744223713141,0.0024274611784723325,0.0238855746752442,0.016113450732302224,,,,0.23096201623332493,,,,0.2913254186134902,,0.21433605552796062,0.19970887942353657,0.12354772207943412,0.09234960169464164,0.07750294279184543,0.09616532365363273,0.08147245680033753,0.10013603834492281,0.08737627093979868,0.07665810600325845,35,35,TT
,0.03386261055277204,0.0480560124788197,0.07550239274775275,0.0661962635326139,,,,0.25899129427867834,,,,0.2564429807918114,,0.19373051557842152,0.18478912440479436,0.1809168844792847,0.06468712849559226,0.04031839591622297,0.06322759369526336,0.0256642916919999,0.05300733369032904,0.04322734902617226,0.034483791977570295,36,36,TT
,0.03671353956910967,0.04873869919067983,0.07395811378643366,0.06428554109937658,,,,0.226163272446991,,,,0.22303269924735472,,0.16846663972562856,0.1643104071136632,0.1694909711011484,0.06763747965174173,0.043727165506606526,0.0661424381913302,0.022237202149157313,0.051962667087129925,0.0427996703435968,0.034904090735531544,37,37,TT
,0.03920117737179773,0.05778387909694587,0.08547322083639032,0.07778005241585725,,,,0.23298352560283198,,,,0.22113557882885387,,0.17322038133167933,0.17850269261733484,0.16140677432013492,0.06981519507186858,0.05443238823841798,0.08919254658385094,0.026823703333950375,0.05497759807865874,0.04353295009407079,0.03587188098449687,38,38,TT
,0.022907900888265546,0.0421216848673947,0.07082257469568425,0.06296733569460843,,,,0.2583625358394393,,,,0.2428519724936663,,0.20345821325648414,0.19781004522732681,0.16698395431057927,0.07247232472324723,0.05491127567416515,0.08597153645076967,0.027058146229130685,0.058125,0.04738686576260856,0.03982035928143712,39,39,TT
,0.026986266682906084,0.0030919755435772703,0.020810143382784328,0.004122992829911558,,,0.055349458376613744,0.022972409880461758,,,,0.0028180373144382365,,0.007324740512708939,0.029757150516808904,0.03267826719164988,0.014372025651527008,2.4996815509900475E-4,0.0197504289168292,0.0012273177142655754,0.02024959036381163,0.012442529259009317,0.00848289920823213,40,40,TT
,0.04554994760399142,0.016376259874702898,0.025615938274458648,0.009028249221392774,,,0.01502712614792221,0.02402435683398333,,,,0.014153516877121129,,0.01022465842515949,0.033547652455137564,0.027761917315160877,0.018137141734838536,0.009499654220483647,0.018807041183330202,0.0033770678239882367,0.023980511681915877,0.018173535430963016,0.01594159606459882,41,41,TT
,0.05590526370103201,0.07008235854543479,0.09722231394168672,0.0904055504619326,,,0.2036352115492512,0.2827196194220107,,,,0.29001922566717403,,0.22610534269745258,0.21531002562387697,0.20425224032004644,0.1608633264905535,0.13405614989299192,0.16197620920420322,0.15672756914996097,0.1754241239296559,0.1616259502570418,0.14989063680795353,42,42,TT
,0.021719751301083706,0.023685832408547814,0.04518325059431026,0.034818371839714125,,,0.11672820743292359,0.20638388884000936,,,,0.23116805628423076,,0.21824961842297141,0.21732948482071335,0.18382196278649696,0.0483721136132772,0.025915266289167935,0.05128205368970357,0.017071752174370593,0.03952252356636057,0.03277730097387283,0.02673158185032081,43,43,TT
,0.014926853943145515,0.01247622765114087,0.03295874082615946,0.022277559006148164,,,0.10980340583606153,0.20163909820251616,,,,0.23181475227729814,,0.20937311827351826,0.21338204380551895,0.18855422170198777,0.04161838563542777,0.021803380533790575,0.04340316813411699,0.016129255277305913,0.03668893229056864,0.030753825163020627,0.021962825677559805,44,44,TT
,0.010976256195824067,0.014410238127614453,0.035384896322896625,0.027091852753963846,,,0.18848785090823308,0.2567768784863441,,,,0.3057965533024926,,0.22029799314133136,0.20365709469464421,0.14904325939324722,0.1245593124718657,0.11667045027025286,0.1441278101504503,0.13916513261845118,0.16365651246381524,0.15693607616624194,0.15078501059443944,45,45,TT
,0.014923970307018645,0.016366568035789977,0.040250546601846966,0.029712373660950534,,,,0.2085610621022383,,,,0.22496646563140482,,0.19558720930057774,0.20368863126387451,0.18777702949963485,0.129168111232611,0.09523847763434455,0.12061275099688312,0.11380403801238265,0.13630424990922185,0.12542780642829918,0.11278734831256645,46,46,TT
,0.007082021594451721,0.0060968991834576165,0.020720209903949533,0.006113452431295439,,,,0.14103716229556057,,,,0.31184160570667424,,0.30307674181516014,0.2697465795385643,0.04348384343094944,0.029743820213826704,0.012237293435295026,0.03162094816009559,0.015092333568964608,0.03663007975701564,0.028794930400702235,0.021026408195863284,47,47,TT
,0.002153424120550299,0.001202377396457072,0.016848171851321543,0.0026892800350932383,,,,0.16034517242319377,,,,0.34627637915813586,,0.32576055737869875,0.30352640034472134,0.03854459172658417,0.02095957166813082,0.00921762045193424,0.02883140635594151,0.012220315272373482,0.03953359301878659,0.03272765700589341,0.016161092546883214,48,48,TT
,0.003170554975306849,0.004103610137105836,0.019756853377220444,0.0051554871473623665,,,0.03873994080794684,0.19195942665586957,,,,0.35692159742057017,,0.3276714750666393,0.29836829836829837,0.08644328131066155,0.023921531378705837,0.013216847066994063,0.03222485984220774,0.015173918689943673,0.03466418779769754,0.023867233606800615,0.009273255565339516,49,49,TT
,0.00951656451756016,0.00165690933892799,0.01880716651790447,0.004156029482281173,,,0.041480264100882264,0.14205559969173961,,,,0.19003725191891974,,0.2234490010515247,0.22803175472214618,0.13718472904066595,0.02981908106397607,0.021979318833386514,0.039615902315221135,0.022966305567061408,0.041449491389299986,0.028868503046107816,0.013147844908975383,50,50,TT
,0.004133977111042604,-0.004133687964654567,0.013961215088552718,-6.836316724764511E-4,,,0.00339538538164661,0.014115452147874992,,,,-0.0015138857706665082,,8.42456994867303E-4,0.022952175730353578,0.031740344984042095,0.010295721569257855,4.2528628110882614E-4,0.0190540743728687,-0.008331715534521122,0.016074261120506483,0.006345953338675633,-0.008295252129755204,51,51,TT
,0.003653667494048108,-0.003678855540561851,0.014396076166004001,-7.459722226198108E-4,,,0.002418089237570591,0.014090712206687925,,,,-0.003012292932190479,,8.242865702684393E-4,0.02197267243979381,0.032648459522991405,0.010219708115972299,-0.0014595053581100165,0.016091920518014717,-0.008313276294063261,0.015161962340746663,0.0034030924893108045,-0.00929854700370932,52,52,TT
,0.005605852997497152,-6.984721635978098E-4,0.016777165250764017,0.001720548946431674,,,0.00627852670761343,0.020938075410412673,,,,0.022585812101257367,,0.14151709494884235,0.204424770963688,0.2311598505764842,0.2429440562091469,0.20450721196642788,0.19882166004840543,0.11678797169769484,0.12927166472766272,0.09637333105338079,0.03174318791889193,53,53,TT
,0.0036561909156401936,-7.743267634954432E-4,0.01781516336830804,0.0022185526269605537,,,0.005470525400591074,0.020323432115246776,,,,-0.001092567440154847,,0.0029176451375509645,0.027752709821463963,0.05619396755198016,0.011195700701480312,4.374373443521723E-4,0.014085597158845067,-0.0024416814721644605,0.019064587860259538,0.01018054584736962,0.0016851071509920807,54,54,TT
,0.006597860890716342,0.0016813105537568092,0.020772609310407177,0.005121983776290648,,,0.005350035364693911,0.018507214283159115,,,,0.04172427067253357,,0.004406378932063354,0.027864746674919047,0.07182629101862564,0.0063425191676764235,-7.010975027295045E-4,0.013152048893563497,-0.004425338837580059,0.017113064671195024,0.008523359192958664,2.3211521426874323E-4,55,55,TT
,0.009991844189832655,0.025137397251320654,0.055907193550361715,0.04703014661895561,,,0.21520983608547578,0.30439950806063754,,,,0.2882599458440507,,0.22900791776004253,0.2144251554380055,0.07884127247227772,0.04042567401791993,0.00994949442978007,0.027824692551406453,0.012994083628830148,0.03393378312402308,0.025629482493535832,0.017809804428362913,56,56,TT
,0.009907181047259891,0.021236503522535935,0.050489052990811675,0.03927480865555033,,,0.16662351456036767,0.28351990382962844,,,,0.294261313117675,,0.2321812508690571,0.21645295593317154,0.07564768054824425,0.03973712015417897,0.010003302386036828,0.02807125122453589,0.011976014203122642,0.03394635151100756,0.023197368542319022,0.013429233353658584,57,57,TT
,0.011988397797468122,0.0183007087966583,0.04029324492901485,0.0334752573172961,,,0.16164198956032313,0.22162487105165724,,,,0.20023017449978175,,0.16517091363754238,0.18207101965729713,0.13604913386659923,0.09791868171123444,0.07961601872909084,0.10685092371336438,0.09708173241152045,0.11362789841759163,0.10001714949662667,0.09142880901568153,58,58,TT
,0.009024305970673017,0.009593897260495773,0.03243156284558468,0.020716414614560332,,,0.14326113686986017,0.22801938167040567,,,,0.28757781883835476,,0.232905958505218,0.19602344186659068,0.17129921568178066,0.13810947298374263,0.12641744624441867,0.14901704644107364,0.1458484913645491,0.1664928493934177,0.15373163674170787,0.15483898575666005,59,59,TT
,0.010459816963519173,0.025142194121528585,0.054949410640176145,0.0461587416045586,,,0.1761421402417941,0.2861913721108596,,,,0.26037433209522665,,0.1967818339361984,0.1833897745514816,0.19185112567664128,0.13745769369371044,0.10212244971441548,0.13434534061182907,0.12751834054377414,0.14991095931027737,0.1392142470865872,0.1419470630076894,60,60,TT
,0.00464774131400179,0.0022179439569287706,0.020725218865077638,0.005589160882143429,,,0.02083638127146514,0.08832782259485418,,,,0.1979913836066931,,0.2047939554810696,0.20763073608121183,0.07095909135443432,0.034569613316117596,0.011216824135187611,0.02779819550679352,0.004428077106487516,0.02988763958761081,0.02101976455264367,0.013424284582482088,61,61,TT
,0.005151591822873241,0.003609187243001172,0.022204352744026833,0.0075739143150604146,,,0.029644293109949944,0.10124346963551667,,,,0.19649506183573678,,0.20837287237460242,0.17641832043045413,0.07143393188025975,0.020016336880689403,0.006400362491370336,0.02196480255863385,0.006228391406799786,0.02982876157797107,0.020675552606396242,0.015136903827781307,62,62,TT
,0.005573834321764802,0.004126955582630477,0.023678717044564323,0.009067442532970064,,,0.03171319366956117,0.09605681664225776,,,,0.1690240920592947,,0.15491672370522472,0.153807539604183,0.07718784578868096,0.018896818227729463,0.0053475231560188964,0.022959366548470046,0.007369329627584516,0.029772213433098174,0.0222518573767763,0.016065653324907166,63,63,TT
,0.0046538617352952635,0.0026945336564706303,0.02217658565599129,0.007573220943415276,,,0.038510694082979004,0.127635339766467,,,,0.21788535151380156,,0.16407929304991642,0.16852540289641676,0.07361750730767408,0.01643254343740396,0.006581033972930243,0.024668747691413938,0.007587427351448956,0.026626112867210266,0.014409319028385839,0.011937576216069133,64,64,TT
,0.0050811958837426755,0.002664955792792858,0.022654856569904167,0.007058223916146497,,,0.03470236801284944,0.11567128735867219,,,,0.20230980170375024,,0.16682503368310708,0.16456794680290054,0.08714532625244759,0.015385516262373417,0.007590904197997398,0.025646238669778176,0.007543693011062417,0.02765426161476777,0.015396606582043082,0.012469787080713736,65,65,TT
,0.014121225287855746,0.01250135878842946,0.03457249937096746,0.02112457284871078,,,,0.19456470565248352,,,,0.18416319917346438,,0.15755895614057497,0.15087614713105582,0.14282320346058883,0.09542262664203677,0.06584024945187975,0.09125017573038081,0.07952334922524837,0.09063898923039894,0.08650588220713992,0.0639327922540225,66,66,TT
,0.06988599286792695,0.08438634684700712,0.11000400580706955,0.10494604274679827,,,,0.2845618428931835,,,,0.254842291349666,,0.21088520606044814,0.20548792258696874,0.19596460797987472,0.15548740841247644,0.13984703761807044,0.16429515126464625,0.15358517386315615,0.17109439503757837,0.16140917959276285,0.15010993749942705,67,67,TT
,0.026019680949089057,0.03484578142671168,0.06080379554371369,0.049541970507693225,,,0.1498109640831758,0.26257167191922975,,,,0.22012592057987335,,0.16174305025967783,0.16059414454534623,0.1820396515811197,0.1264305990488407,0.09910088621246287,0.11926568445012048,0.11189604443048634,0.13042078476952945,0.10893989106280078,0.09223634109285628,68,68,TT
,0.047253584620091854,0.05489316646139407,0.07866833853437738,0.06975699482598666,,,0.21064814814814814,0.25753561660023105,,,,0.2064292403691248,,0.1469547361989919,0.1509110829064427,0.16919119751281472,0.13217773377202335,0.1091133771873147,0.13577235833995213,0.12681304058549567,0.14387668460261052,0.12811906507881726,0.11161607241965829,69,69,TT
,0.03209664958695474,5.945640416972888E-4,0.017340740615890415,-7.282510716936611E-4,,,,0.021935780508271635,,,,-0.0069074441450943415,,0.0033003349778277192,0.02587831473559968,0.028772753444820665,0.011243613891557154,-0.0033903969231076263,0.016086296061521423,-4.372390197923026E-4,0.01899427300047338,0.011254281804236568,0.007460294246767924,70,70,TT
,0.02716689880877372,0.0012193730000945955,0.018300701720248204,0.0017098712998487844,,,,0.022975763179512325,,,,-0.003434486099721255,,0.005409620984394018,0.02876403218256615,0.03176351817912961,0.013172516312431362,-5.340345673805719E-4,0.019051198230170863,4.255237010119861E-4,0.019973404220386477,0.01121782655418287,0.007262492008024801,71,71,TT
,0.02062594602819814,0.03554208115185343,0.06290411835834113,0.05454665148681261,,,,0.25901639344262295,,,,0.29941122709460294,,0.23290831297680473,0.21327321709730887,0.1966562765655993,0.07602509849700861,0.05632705393282938,0.07943838548943735,0.026726599942195162,0.05801223583164001,0.047098721538335726,0.04129972448659505,72,72,TT
,0.00758719064148014,-0.0011816678676442559,0.01728960979584854,0.0016777806207099778,,,,0.02007219208615534,,,,8.665600745263673E-4,,-0.0035159928722429583,0.01998923586590515,0.029717502732783778,0.011258089867048512,-0.0054630365930556715,0.027604087235016013,-0.0024447525098296634,0.01705382540056618,0.007334593345313568,0.00464571825718102,73,73,TT
,0.0272790587214912,0.04365607270456103,0.07235683643606651,0.06367296376580135,,,,0.26898203754261196,,,,0.28463613429332046,,0.19670489137556502,0.184944332641258,0.1897772023007425,0.05933292357307467,0.04279279421767831,0.06104602720352333,0.024153924878310862,0.051998062153097435,0.03984124275139273,0.033467172105825,74,74,TT
,0.014510375321024088,0.026017328275821004,0.05429964314410056,0.04377747298151836,,,,0.26611137107637867,,,,0.3031285664934289,,0.20463255084829213,0.19108870333325875,0.16294040146455732,0.052336004850819566,0.03934660705806377,0.060188400974193576,0.017087742692267868,0.045414205483684994,0.031704026385924594,0.025956593776946965,75,75,TT
,0.013057068424420604,0.02466419209065776,0.05154886566486501,0.03787865804448202,,,,0.23192160220809124,,,,0.27968896822056777,,0.20426749394985746,0.18963831867057673,0.16055021207225598,0.05096483149273325,0.03373899890460495,0.05537663743213788,0.017128495455980258,0.04446261170239768,0.03197058740898253,0.026900938702069065,76,76,TT
,0.02209066738908067,0.034851849209735775,0.06322528028306376,0.051477849612786376,,,,0.22898022215205302,,,,0.2669616571375968,,0.18501492122072336,0.17883176922850244,0.15941259743523695,0.05219613518636704,0.03780969129704336,0.05921696240642246,0.017122129145471704,0.044358504506984725,0.02754798369951842,0.024545018342409394,77,77,TT
,0.007225393355047712,8.572033955764263E-4,0.01790279997381132,0.0012611277752144648,,,,0.02667839221035783,,,,0.001367645074448123,,0.0015008522756523794,0.023093748235343835,0.029802232010063958,0.011091150984596424,-0.0016547642154958453,0.01630743020903287,-0.0032030664905463584,0.01711807325726112,0.006089063256491776,0.0026494918531611835,78,78,TT
,0.009971919946804356,0.0027579704943568152,0.021272875457667144,0.0045316684342534925,,,0.032616864572373366,0.028593069494413936,,,,0.006589351607801793,,0.0025734540452467605,0.023903603352153347,0.033698505495558,0.013166641680803589,3.974536820519962E-4,0.014173227445472033,-0.0015068921449023613,0.018985795215283555,0.00908510209220244,0.006486927047417058,79,79,TT
,0.007085660733557288,6.285149354637233E-4,0.017857846154761922,0.0016965662297060253,,,0.015042879235203149,0.018384396937656942,,,,0.005431925520201737,,-0.004348594963864082,0.01904791516064597,0.03074697513530139,0.01122900853569049,0.001416362974342054,0.01318003663857069,-0.003528055047623456,0.016096273158387856,0.007284561340138733,0.003362491727208151,80,80,TT
,0.008962885634529636,0.003680378557304125,0.02514522201734896,0.019317473037831646,,,0.08881514737458521,0.14123163330516544,,,,0.122093787306589,,0.12270863896106206,0.15043352918736413,0.12921459103429198,0.09095594696226034,0.0734497852252546,0.09841243622653262,0.0836547486300586,0.10423341186469126,0.09742289396077805,0.07882547186894923,81,81,TT
,0.008053606436408465,0.004173955057644448,0.02373248364053174,0.015865942613249417,,,0.08187019406578151,0.15541763641065426,,,,0.1538658318078066,,0.14505780054427803,0.16140911491032153,0.20622280689377762,0.09887378270179349,0.08180852621525019,0.10301152450239094,0.09448135672763223,0.11397809581692314,0.10766880178170933,0.09060381477479063,82,82,TT
,0.00984239580174378,0.010537149601865501,0.02952077965166107,0.01776904970455064,,,0.1410590277777778,0.1957315389556333,,,,0.1742144691499363,,0.15861981163745872,0.1682682525573797,0.13324618151791576,0.08868000017226098,0.06363792015489746,0.09279121975555,0.07153796481937132,0.08809978193284118,0.08077295232481804,0.057000904337869814,83,83,TT
,0.024064219100121104,0.03377733166876907,0.05872610720339809,0.0510508350050064,,,,0.24125134857375194,,,,0.26059285188281356,,0.18705762569346868,0.18209801845054086,0.17032607862628793,0.1227871510006204,0.10322417059459095,0.1281864495191687,0.11409275493659236,0.13208451215888872,0.12134564894755662,0.09840296329463089,84,84,TT
,0.037900190590127836,0.04914499956550183,0.0764351755085401,0.06951019797714282,,,,0.24884913200535155,,,,0.263321043198863,,0.1910049975076413,0.19465924505107934,0.17995447451868188,0.14127701744875887,0.132366467563725,0.15569867026332662,0.14429175766346647,0.16635527341284945,0.15887174462370593,0.14902748298292223,85,85,TT
,0.01148912536559834,0.0056111944974132745,0.026597369109396262,0.020288869849820163,,,0.0867346803942698,0.14407421232367396,,,,0.15549920155060004,,0.13235080931241014,0.15410436077622833,0.14749555264033876,0.09789559230005361,0.08322693080005679,0.1052377448822337,0.09447129655506685,0.11157742940478596,0.10421631459688428,0.08080223602528094,86,86,TT
,0.03919575620237362,0.049576752243456174,0.0764140817058883,0.0686929512511698,,,,0.26070096765392353,,,,0.2574783783002765,,0.1947874517039011,0.1950689758506409,0.19193116896890322,0.15600418736650584,0.14084332490868157,0.16185063235427835,0.15290080188309782,0.17313817382036276,0.1596161344978923,0.1439868476585559,87,87,TT
,0.04405227568643943,0.0575780715070105,0.08484252163505182,0.07908222741385067,,,,0.2787877538363529,,,,0.2507103289434342,,0.20960781418971688,0.20750729679160684,0.19589847127005725,0.1535324152553733,0.14082382232668178,0.16556930091036284,0.15778035508616994,0.17923729073808958,0.1683482537471001,0.15868414820680937,88,88,TT
,0.037262914068930814,0.044628066545216186,0.06953426876626355,0.06175804101426009,,,,0.2732674652404603,,,,0.2806068864038598,,0.24347843074751074,0.2200939357195691,0.22319300107327184,0.16839726588121412,0.14791180076713892,0.17137954910765946,0.1606805395996992,0.1811257662898399,0.17246492006503963,0.15473304159546694,89,89,TT
,0.03880685910517408,0.05051102993450249,0.076383613628851,0.07054321276471472,,,,0.2608456582215031,,,,0.2919204911190289,,0.23568604801109513,0.2172953048098936,0.2155335326393855,0.16774431380867225,0.13889589679904227,0.1603737023936416,0.15108083019221769,0.1705691564416643,0.1624361249436898,0.1437498242832582,90,90,TT
,0.012876177222487309,0.01243010331458696,0.03550919007498126,0.02373477355678155,,,,0.18600989743226778,,,,0.21421325525003956,,0.18803688209311992,0.19196639175324645,0.17527142590639797,0.03559128427734041,0.020943082591339687,0.022887864694716462,0.012193925737905668,0.03273086727094358,0.024914561177144384,0.01612428360684239,91,91,TT
,0.029760756123938033,0.04152304017946338,0.06888416529570875,0.06002391196378908,,,,0.2236698396825228,,,,0.22575751525707843,,0.16879684161634037,0.1694441582172739,0.11811703636974756,0.05807589639957396,0.042427958534914954,0.039529765184067804,0.03263959790389789,0.05326949287288812,0.04428660656811314,0.031495976556668075,92,92,TT
,0.02412572944990645,0.03823914537746578,0.06666368742660432,0.06041671288811333,,,,0.22721219846488044,,,,0.2158852980247223,,0.16348920941029163,0.1645026753372658,0.1022294725394236,0.0583119436270224,0.04070880055799901,0.04524607347987352,0.039386135090809994,0.06123932429055593,0.05103840747712957,0.0347918085297038,93,93,TT
,0.03872538341578615,0.05398643976618775,0.08491519236941943,0.07916508788741482,,,,0.26042132995495854,,,,0.22564251894976642,,0.16839656896887248,0.16739881316623184,0.1302592432485328,0.051109943584835386,0.03451885562988669,0.038217591260610397,0.029538628738760193,0.05255270941798425,0.041208614464021374,0.029080483879409896,94,94,TT
,0.11379067666821224,0.12593542869360702,0.15620834834015127,0.1439980034938857,,,,0.30609929078014186,,,,0.3177064002649004,,0.2604976480746325,0.23685680983791194,0.14105811575901867,0.08460667357705254,0.025308730733191866,0.04699839294895368,0.0314998365793956,0.052025116607799106,0.03884867655863726,0.02964391988996824,95,95,TT
,0.031904008711724115,0.046601507538168496,0.07060755336617405,0.06096452357498324,,,,0.2477003049343546,,,,0.22904495645042214,,0.15986880467323358,0.1618982654453323,0.08504768589787741,0.04765209535323958,0.03298738048321197,0.053904892215757366,0.02993450287705076,0.052326514893748705,0.040313970533664534,0.030917211749592926,96,96,TT
,0.011587602659891113,0.008305176303015816,0.031722286820659036,0.019054223651162785,,,0.10108685735905017,0.19670698636985476,,,,0.24261579232821406,,0.22602426578632057,0.22203936189486043,0.07356829491015818,0.05131187557064194,0.01995355546554915,0.038545309262481724,0.023846076592970937,0.05426574632606341,0.04252143197794366,0.03177164162596861,97,97,TT
,0.02808546125418519,0.04043731038740566,0.06492010577316037,0.05424283654056424,,,,0.24259299978981594,,,,0.22505402994188217,,0.16845306613117114,0.17248995764950448,0.07844286608228473,0.04354703926777657,0.03387946661541262,0.05346094660913443,0.025686294701470606,0.04709424056058078,0.03688375807699261,0.02469231339491308,98,98,TT
,0.0016940963442838729,-0.007591615999994885,0.014889664778953513,7.115919656785017E-4,,,,0.04964947269748362,,,,0.005343076228476816,,-0.001452829982906023,0.021895130932439312,0.09001233045622688,0.010504283146406028,0.004130875861133942,0.013493724467057905,-0.004183145857789042,0.017347894965588473,0.009460904795390652,0.00407648450319023,99,99,TT
,0.0026262243072128514,-0.003601448877301113,0.015344490381942726,-2.9200551879612874E-4,,,0.00500403467997383,0.04960758181548941,,,,4.599037812027896E-4,,5.51290097441096E-4,0.022883906097246245,0.23385713568922073,0.009982135035741947,0.00219884604911505,0.011479579787787325,-0.005160973002445767,0.015812384515333074,0.00805544108389785,0.0017274851400634057,100,100,TT
,0.001726739504386924,-0.004139135553895586,0.015932731225754147,1.6222972815172127E-4,,,0.0037477610291874663,0.06602752435441472,,,,-0.002939205990320402,,-0.0013988130475434848,0.022010367020404355,0.05219530394422706,0.008373665812089806,0.0015155137426654853,0.021086001227068538,-0.005392030056110206,0.015059269520427972,0.006339690123964934,0.004332390648348102,101,101,TT
,0.0015272818164263097,-0.008052025128506505,0.014901669095492186,-7.888230502766025E-4,,,0.001175026209883895,0.08227260828201627,,,,-0.002822995701873257,,-6.032014728032678E-4,0.021910431540443084,0.053917537883237394,0.009021908126793245,-0.0017281413329718524,0.018862129113082753,-0.006480507032094386,0.013414319041710084,0.005032810205609064,0.0026927888967706016,102,102,TT
,0.03581320787077954,0.05918038414252011,0.08949113347120773,0.08443220831820164,,,0.23484402205825983,0.3157168558220913,,,,0.27089073694151516,,0.20645167962571623,0.1849814078687831,0.08674329070140281,0.05833310440404048,0.010515214358950052,0.03440984879569892,0.021273958415819406,0.04217248518582078,0.03297769618842049,0.027074430566388776,103,103,TT
,0.02666486103306289,0.040437033439895013,0.06694883821415334,0.05817583661477153,,,0.18217845977671945,0.2698903896640535,,,,0.24309644915070724,,0.18511459808567948,0.17920270902827093,0.0806751251688529,0.051345694670319665,0.009246776056291607,0.032687691162969046,0.01905520368963294,0.03851879182404394,0.029767810335201778,0.025957879693624508,104,104,TT
,0.01634133375594821,0.007528416052974735,0.027105864237974567,0.013907955953201613,,,0.045451119455777435,0.162721033947659,,,,0.2294100593127344,,0.22185082038966827,0.21928337886946098,0.20394204662606513,0.07286811262370023,0.036512403417196894,0.05834940752384684,0.027802840810394698,0.05203786672950849,0.03884421716824657,0.028174165432224976,105,105,TT
,0.0021823738756043144,-0.004156942587745571,0.012920931258518637,-0.002204385892874988,,,0.00145806665713558,0.011195599286758846,,,,-0.005423928081990797,,-0.0034189699315928064,0.01902967848825175,0.03268623979249602,0.007289746102579883,-0.0024119892914351436,0.008287157187349624,-0.0053797537955225985,0.015079224407384016,0.005326589408304347,-0.0014431001506715994,106,106,TT
,0.0021385698990043964,-0.007615112211224239,0.014384778097511711,-7.46335843188344E-4,,,0.007057615809059412,0.02388340828444609,,,,0.009178112827841527,,0.002345416662484611,0.02491810791632718,0.09247027741083223,0.01146614570962744,0.006092026174440495,0.013372918501925743,-0.003187381751163036,0.018764859903386874,0.010926975569239996,0.004980763723259103,107,107,TT
,0.002046838548417229,-0.004061975233806592,0.013774642938656727,-0.002091915624127969,,,0.0020546354300905816,0.041703018670389114,,,,-0.002743343278475375,,-0.0022065898942565114,0.019105383045826426,-0.10015898251192369,0.00951468644331656,0.002199343154402048,0.011517220736526158,-0.005651299523680747,0.015369504522219985,0.007080946919958627,7.75716292782614E-4,108,108,TT
,0.0027347414267055482,-0.009997204707272282,0.013484403632334071,-0.0022358410978326397,,,0.0013897039845909016,0.030842729049871235,,,,-0.0010210565128958887,,-0.0014968354175863474,0.020877791884113036,0.0582039911308204,0.009016059730538237,0.0016033752750737418,0.021673782488220886,-0.004687277481866497,0.01585633977898833,0.007960130693665112,0.003166762624885979,109,109,TT
,0.002098928613429646,-0.010000655610462315,0.011858100236935527,-0.003679949222452916,,,-3.665771824186878E-4,0.022751030355326825,,,,-0.004520198145279377,,-5.138664933128095E-4,0.021069760583731795,0.2705511811023622,0.008991037346320948,0.0021747354120089687,0.023779656617273628,-0.005648990358437376,0.01534487824796447,0.008074548016101734,0.004167231442926137,110,110,TT
,0.0035940261614255866,-0.007553036715345591,0.015383294108764944,-3.4412097219157643E-4,,,0.003415365485748708,0.023856166588520602,,,,-0.0028543498189582696,,3.9269204179801897E-4,0.022917612838113405,0.022309197651663407,0.011243283398049591,-4.686218216364758E-4,0.018933096198862753,-0.004459709183589495,0.01614739832825491,0.0073230612020825075,0.0023718537574803637,111,111,TT
,0.014379768350876548,0.0061326699307424435,0.027109517924356504,0.015348683856010105,,,0.0599751716346359,0.19175461716624542,,,,0.25697755708728925,,0.21583017496030765,0.19068628358155915,0.2015381802475029,0.06430714056735513,0.031038782399620404,0.05196449667248096,0.03584652800821171,0.0475754275508075,0.03541449203898799,0.022740287885243207,112,112,TT
,0.003228749973963316,-0.002215779469124605,0.015866260808218294,2.0659272014319848E-4,,,0.002377077768959021,0.02047247898551017,,,,0.006829233401283155,,9.99064096263047E-4,0.024911676902698285,0.18474511307014183,0.010198453394372326,-0.0017011772326293968,0.010273618788832612,-0.005373239891370805,0.015097470255117389,0.007034669221895177,4.390234361310713E-4,113,113,TT
,0.002145947636832812,-0.004653462120630617,0.013451275556734636,-0.002203423707413624,,,0.0024318666926210764,0.01707921786262079,,,,-0.004452878400909589,,-0.0034541504795720184,0.018042782916147554,0.08692855039041608,0.007302811371356412,-0.0024837606910847404,0.008349048493416094,-0.010237881158344474,0.013162373218027509,0.0014459228552759734,-0.003508389190203404,114,114,TT
,0.001244978020634779,-0.004657677543523333,0.012440676746951098,-0.002192101222261202,,,-2.6699106621407573E-4,0.01708358099765126,,,,-0.0044123846061860355,,-0.003415016593176958,0.019011405292132483,0.07803121248499399,0.007276787481611239,-0.0017021449994917115,0.0056368474143607536,-0.00832721870090359,0.013452717534527975,0.004182214055542912,-0.003153373057671867,115,115,TT
,0.0032814769695424595,-0.0027104685482664094,0.01582255752174458,-2.510867792140168E-4,,,0.0024607973870805822,0.018098595811795067,,,,-0.0024898233095939706,,-0.0014881375928332654,0.021902232062466193,,0.010230604205639425,-5.315837170687674E-4,0.020816208149773047,-0.006438521674123866,0.014073572731830136,0.005669207227297142,0.003223957367525101,116,116,TT
,0.009016000246364876,0.022192338998583992,0.05102215522335412,0.042755606414085975,,,0.21415868737959898,0.3288731230459776,,,,0.31400049665628327,,0.2720467083642345,0.23572220434473926,0.18573893041978148,0.057181690833173204,0.027864722122028552,0.051201782284715114,0.03935990966813371,0.047287140777776446,0.035626843723836614,0.02978218608050341,117,117,TT
,0.016780903456838303,0.03101897696799444,0.06021776066888337,0.052442425519256465,,,0.2338901186593279,0.33137308159695644,,,,0.2933998566954452,,0.23184998716591643,0.1998900708077333,0.10222922765142986,0.048443104349460184,0.013147793132010222,0.03461371261678956,0.02099282332976317,0.04249684362201269,0.033704850380930886,0.02787776012417448,118,118,TT
,0.008164895821219216,0.013863630094749212,0.04028432804261751,0.033003213435462656,,,0.22218449827727946,0.30905696367939717,,,,0.31976414085149757,,0.21649484536082475,0.19712448791071413,0.06680805907640666,0.03344659836131735,0.02516447841629187,0.04371788054821368,0.02904536087174697,0.04954456493276555,0.03791480304719092,0.03148729704417347,119,119,TT
,0.05227039714004172,0.026817896219178013,0.04341425633170918,0.029737828150981534,,,0.056095564940738946,0.14100048124260914,,,,0.19429288203998962,,0.1548369487068587,0.1576885056682163,0.07886194819878073,0.059047212505160596,0.030770249974342065,0.060033997563425805,0.04248085882330686,0.05807695966454038,0.04930978646866395,0.03559011566149826,120,120,PP
,0.04567621778050638,0.05490790994654554,0.08318248659700518,0.07766860232644872,,,0.23961277801190967,0.31127754962143933,,,,0.25870336150034184,,0.1802755690168636,0.20379692726443513,0.11443875422782061,0.05518811989842419,0.029014460831670447,0.053511027988143244,0.03784191740170259,0.049098915883105075,0.03739788302213057,0.023273595852849143,121,121,PP
,0.031985740067070924,0.02909072395562904,0.0524834346624479,0.04125026675847732,,,0.11875352542673447,0.23522124229937402,,,,0.2121028906265417,,0.116746523706888,0.13143381022624032,0.1284567684213566,0.09982085781651967,0.0759717105793319,0.10237520136176856,0.0852524831617714,0.09934951126702869,0.08615121409250044,0.07051569651236177,122,122,PP
,0.10231006371950663,0.08863702523261419,0.10568342097852093,0.08128132631124765,,,0.06173319102300372,0.08485135596089295,,,,0.13822915993509732,,0.2036998163473323,0.23000440395147456,0.10933833880807133,0.08084783353281519,0.034392708922069436,0.06224625928361519,0.05155688232404682,0.06423722741568194,0.049083631483895517,0.03637465597359977,123,123,PP
,0.031005905259738238,0.03298641817544523,0.05579780341805789,0.046682300165146795,,,0.15882482880494808,0.2904869095842271,,,,0.2886006379625059,,0.18244219832762115,0.1852526517793836,0.15779426398679672,0.1271909168580281,0.025190225079899167,0.0476564622935045,0.030498149090129684,0.047242085492147375,0.03683171266717538,0.021753098918986268,124,124,PP
,0.0641883605249225,0.05697474665120075,0.0733726669625165,0.04372695309660218,,,0.03855158781108904,0.06301595134749507,,,,0.12743513486415864,,0.1976645111133905,0.2212169970710793,0.13233973499797544,0.09390040402146631,0.03442870112097286,0.06126120889523541,0.047067251152042834,0.059772832152124464,0.042175478354769876,0.021217139757523602,125,125,PP
,0.025169174631002603,0.030508361461412184,0.051487220893392936,0.04323942376896204,,,0.05998688757099114,0.12200473876807386,,,,0.13768866931342835,,0.11951347305195373,0.13728422516383118,0.11661414501108297,0.08466913260931672,0.06404659889383373,0.0874199320587905,0.07371839231632576,0.08934057192824969,0.07765508358229872,0.067897524920601,126,126,PP
,0.1008668301240868,0.06897714775366967,0.08332586847005458,0.07113607825004117,,,0.07640747667140699,0.14010233494976423,,,,0.2407901620405747,,0.23495772892702158,0.21003898635477583,0.12353671083501909,0.09028232616489888,0.045619857452170516,0.07447418682987791,0.06224838574227542,0.07360646249912688,0.06279432146884266,0.04848575150396856,127,127,PP
,0.11147213250620092,0.07286637060597959,0.0864965976895002,0.07397948665202804,,,0.08271528766050898,0.15579754278931943,,,,0.27992728881611634,,0.2749781510345257,0.2341069626639758,0.1235554396776176,0.10284234080047469,0.04180181807343338,0.071557176504549,0.06228434032570274,0.07244048345707375,0.06234339621871385,0.04516821709626848,128,128,PP
,0.023702183276349802,0.03636127226446691,0.05836086768224218,0.05195754655646805,,,0.07641918003196839,0.13631518953718502,,,,0.15470540320532794,,0.13522049767966218,0.15195445299563948,0.1239324280338307,0.03168409613216475,0.014195261780649586,0.03565269584540804,0.017083490079089835,0.032678852805033305,0.02293687023259846,0.011458570531925703,129,129,PP
,0.09198972130066528,0.05551653814324673,0.07099424079509782,0.05785225636906635,,,0.07390542225242075,0.17045564039676808,,,,0.2861339273111772,,0.28075899552940164,0.23648983639067922,0.12054313792318802,0.07059457026185308,0.04861697171752694,0.0783527555012868,0.06812699608018463,0.07837395927366751,0.066688829065822,0.0480180404642234,130,130,PP
,0.08474514014844119,0.07545360152357741,0.0905893169731513,0.07892463429689442,,,0.055175125823573125,0.0639394907442652,,,,0.08941387699893223,,0.24328928555105028,0.2926981054836575,0.2563436675389596,0.23513520940212784,0.1322693783239703,0.12198403589575421,0.09643551078898625,0.0925676967577052,0.07745187030715722,0.07201918297316616,131,131,PP
,0.04906989002636525,0.04714057207535067,0.0700798085996604,0.0598183799897484,,,0.10307739279886996,0.22015746736125044,,,,0.2554339861225786,,0.19378570105973067,0.181197246369083,0.17822999288969335,0.1264555591904805,0.10102057009295723,0.1313788666686365,0.12452305711202206,0.1431279226102675,0.13694586428173702,0.11842275514480675,132,132,PP
,0.11161362249036942,0.10964303443818628,0.09739894830784446,0.07831036970873258,,,0.06354367093926132,0.09477800346895185,,,,0.14154670179313356,,0.16733638535469214,0.1762975065580501,0.16725225412401684,0.11772517503174489,0.08252189933339737,0.10790985642051541,0.02093495590038899,0.05015220142431933,0.04344167144488346,0.031976660979015165,133,133,PP
,0.03091643118262712,0.04371620406341367,0.06891966562780975,0.06297908434243202,,,0.23779026886103422,0.32915381470296906,,,,0.3196710351217509,,0.22334050401447375,0.21335862212914658,0.16761737653919015,0.13136356868736127,0.09805432648545151,0.13229828912286423,0.12551555886769727,0.14293992136934208,0.06898655440861344,0.059154248831945616,134,134,PP
,0.07796969711003718,0.09247465114458817,0.11887889119467365,0.12002612528250968,,,0.2751736403947091,0.2670758762337041,,,,0.31689573538773275,,0.23114177612426315,0.21538810284218657,0.1522233041220383,0.1432543220400827,0.11609461195199543,0.14582307649834536,0.1378289153765454,0.15405603260878925,0.15263770670859933,0.0582300066749403,135,135,PP
,0.10755458341856561,0.1263046934558266,0.15281841611291452,0.15378800325136466,,,0.3185696040458016,0.33302602625481076,,,,0.3258500275146547,,0.24460938631326234,0.22225090931705319,0.18217077457738767,0.14528353745589231,0.11890277194422627,0.14911312978520092,0.14275975740567445,0.1606936262565873,0.0733928699265558,0.07063800854091733,136,136,PP
,0.1575927914721331,0.16837899654693414,0.19584095469099735,0.19684792359674225,,,0.3375286936446895,0.365722732378677,,,,0.3519537407270497,,0.3011692796235327,0.25512020103791966,0.17813021143567825,0.1536035391852345,0.11735074537417654,0.15570435189251372,0.15451721669578874,0.17444906832974297,0.1752153605025274,0.15475310971687659,137,137,PP
,0.04711988752525591,0.07200258028750667,0.10425038426346556,0.10018389232798544,,,0.21537908022909152,0.26289003793632315,,,,0.24361490415931966,,0.1617779819768538,0.16451598479793036,0.17911097026101527,0.12917516146124425,0.10568945991935155,0.12863420075694876,0.11602061708088593,0.1325530216640097,0.11788014169840122,0.11311145693788223,138,138,PP
,0.029060745477189467,0.04568382837444587,0.07479550473723616,0.06491325358412758,,,0.18025265196737003,0.21955530607899534,,,,0.14487178457131633,,0.11274683689201859,0.1743807003524377,0.12162965453479435,0.07286992490102873,0.05031211240229829,0.07758501220061097,0.06481177564348534,0.08156124117231676,0.07182638925839598,0.06620857687390895,139,139,PP
,0.08964153427592059,0.07948948749213859,0.09694529850406622,0.0828134918418668,,,0.049243901590709876,0.08464195623309996,,,,0.11418492978667671,,0.25725575195206385,0.3080710266525305,0.29079543004957964,0.30590124444069877,0.22005868231528408,0.16956325089150592,0.12538093531138556,0.10708243162920873,0.09522525235487635,0.06682374718238879,140,140,PP
,0.06812067782762601,0.052466524300266645,0.06178105800397414,0.04522255514656678,,,0.043381134607931596,0.08083996203824885,,,,0.14303947621474702,,0.2398818872588091,0.25141617155722673,0.17671232876712328,0.06983097668240658,0.0366345701782391,0.06319371566053661,0.04662867132231198,0.06179206199370416,0.05004239211515865,0.04370853293501362,141,141,PP
,0.08361821947305782,0.07112161073833513,0.09022120702009828,0.07593517785448714,,,0.056874090616050414,0.06492866629404426,,,,0.09666098332950658,,0.20472604534283234,0.26621501100835787,0.22872755659640906,0.1550842031346454,0.11236173103046769,0.10856754906768074,0.07826483188345493,0.08701705930869011,0.06659677331934571,0.08095750403442711,142,142,PP
,0.03950866513868153,0.04544670069882611,0.07670606170611668,0.06977432516382276,,,0.25094527668307687,0.34041716697572705,,,,0.31750527437298404,,0.2007305332851941,0.21318043651127225,0.1775101323464265,0.13695187339883336,0.1146671454464567,0.13917053801579904,0.13328951858073754,0.15067415188220765,0.1335279393113887,0.12764877312459266,143,143,PP
,0.09250182073025821,0.07938571570861534,0.09495956601150848,0.08324173899060743,,,0.053202510705164616,0.06002792170528047,,,,0.0616577229371562,,0.1578404635696721,0.23088408217982212,0.2766290201786965,0.24673101352007226,0.18603207879059402,0.14603067369751335,0.10475830425010396,0.09347684428782664,0.07545516646897328,0.08425375056905339,144,144,PP
,0.053469592615255024,0.03344799702380669,0.0499434205904487,0.03391807874800227,,,0.05691541081724357,0.13637265859757416,,,,0.2585881929652025,,0.2624112176719264,0.25286697247706424,0.16543527144233858,0.07874014132505211,0.047223038703404364,0.07648972082927975,0.06596272959075546,0.08261032229486377,0.0813848390032779,0.06394613007462914,145,145,PP
,0.042585257466699576,0.03110426740939122,0.04868093060028827,0.03386539697891527,,,0.06594464028036802,0.2975073616426529,,,,0.2943881771746955,,0.1767325354856666,0.17240690777775355,0.17342590233885172,0.1013471493878946,0.08077819919669045,0.10771251649842882,0.09890262828455144,0.11564551225031923,0.10137896885692228,0.09843140728976245,146,146,PP
,0.09589612931659511,0.07347182346453353,0.08712928614964,0.07594466409606312,,,0.08027249980807523,0.13331197619420923,,,,0.19968465342591588,,0.19773124669274017,0.18972971223534776,0.11948730691881514,0.08602333111830324,0.05053465108317512,0.0778887642139454,0.06617618497112546,0.07885603065545956,0.06913856943068633,0.05247589774805972,147,147,PP
,0.042174425598339706,0.04421873880820756,0.06757126286527285,0.06137227130746663,,,0.028121595740447963,0.040501273283510504,,,,0.04835203002148808,,0.08633967980512207,0.10992433717792337,0.11092713724607202,0.10780120772610738,0.08428364221967774,0.09251434437505059,0.09449444019896949,0.10221799872034813,0.08432097290567739,0.05445681619019685,148,148,PP
,0.05413296852562763,0.04947433470991329,0.06987541356276143,0.061893998426580076,,,0.07171545345213946,0.11027170245359744,,,,0.14416575790621594,,0.13525051511441558,0.13691047634474596,0.1271661425638993,0.1184745815458231,0.09829261649891675,0.10654747614061076,0.08678896254046554,0.09977695167286245,0.08716502115655854,0.06917016284853045,149,149,PP
,0.04807573681822261,0.04503884514929625,0.0662805430712567,0.05793852064252066,,,0.027851080215221844,0.04004256910343689,,,,0.04190307572022834,,0.07178667831705933,0.096282117111702,0.10696797100356586,0.09303607935324952,0.0694241805788097,0.07749977955072873,0.07543852842815642,0.08517621716586139,0.06618822263083281,0.04658304244361329,150,150,PP
,0.03442642907724703,0.03444019532274679,0.05735703726511509,0.04813940047378658,,,0.10596597026379444,0.23147142594349981,,,,0.2562131963782137,,0.16913740381730635,0.17454431783577462,0.193796321712874,0.11461013454854053,0.022849977825614657,0.043450265513499085,0.027790979444303355,0.049194900098076796,0.042217472777559634,0.024875612741117308,151,151,PP
,0.09495774407849748,0.09703826764193549,0.11402684179876815,0.07500930506917092,,,0.06105447225758174,0.08149990527545005,,,,0.13536887573288015,,0.19076239230503614,0.21249532296878068,0.13620460211187918,0.09885409626218973,0.05156896946760958,0.07884910284191102,0.07004829529392992,0.07985886405170839,0.06326381849726978,0.04274584335217646,152,152,PP
,0.06414670561159105,0.05680044002947209,0.07364542705108054,0.0432421967709839,,,0.0376099270978262,0.06385450556137505,,,,0.129404591670758,,0.20268832462721662,0.22992441336600702,0.15398468134925603,0.09652143454282676,0.040772955500479886,0.06665594628310675,0.05485380156699128,0.06761495955241102,0.04806463670515279,0.028038469404795992,153,153,PP
,0.058048865014728813,0.058008954065236575,0.07316595778489612,0.049066260461728996,,,0.04330067925470605,0.06097084155161971,,,,0.11170942350638251,,0.19717989538321584,0.22325400430067122,0.1490125673249551,0.0855831008030312,0.03681697810785742,0.06384378681479792,0.05392871010381729,0.06658485657433476,0.05009216335327369,0.03205811845665567,154,154,PP
,0.03857512258615915,0.04323478621250416,0.05898491083676269,0.03717569097505147,,,0.0337588663524453,0.05213596072955181,,,,0.09936578608342746,,0.1810179649045024,0.20821682845778916,0.15477122508020028,0.08911214046169466,0.03922761629933326,0.06612391629528697,0.056460542519567,0.06684020927424336,0.05251119044575214,0.03264474498999027,155,155,PP
,0.09982783365898516,0.059735803402066676,0.0733603179639609,0.061350691619202605,,,0.07695862522493731,0.14381406393694665,,,,0.242735342258809,,0.23332269390360677,0.21440657481266617,0.11380417313524822,0.07823842450635513,0.037175254772498924,0.06807151980182449,0.05786964764514654,0.07011379155203169,0.06021272451153939,0.04369661974498882,156,156,PP
,0.09679414247606945,0.053562142485699425,0.06829350957464836,0.053707609930228786,,,0.07184042387408446,0.14053038212570473,,,,0.24114247086815482,,0.24601063829787234,0.2093480934809348,0.10935935935935936,0.07798798998657075,0.042316199477426285,0.07053279956276666,0.05907172995780591,0.07147995080153031,0.06161230029264542,0.046062345652169885,157,157,PP
,0.10483637416739068,0.0714615029967727,0.08638083228247162,0.07274063188831742,,,0.07838271785140856,0.136560409287682,,,,0.21002949852507374,,0.21613485851896447,0.2,0.10952210701942558,0.07561461794019933,0.047271745002701246,0.07600719922469888,0.061883899233296825,0.07468477206595538,0.06371113899344764,0.04816577989358723,158,158,PP
,0.10815393724649285,0.07783078483061433,0.0940476002659154,0.0797970836586298,,,0.08825167654063665,0.17237502983532163,,,,0.29529470026219656,,0.28269477455767433,0.22532498796340877,0.13497748662508252,0.09692000505924511,0.05291696858339939,0.08226532124928189,0.07302649746797377,0.08373132419527622,0.07309476161829097,0.05486576312855261,159,159,PP
,0.03982547827910334,0.050105235005481925,0.07055963455954285,0.06373725274227945,,,0.16475594043555422,0.2334040381178001,,,,0.198739078592019,,0.14402947616773698,0.16259572600855052,0.1539166178699609,0.12651931291968804,0.1072098304380432,0.1286222878878316,0.11499323164983341,0.13048548238982713,0.11845895636201435,0.10667897864529695,160,160,PP
,0.10312723531424067,0.06529479363882637,0.08006535947712418,0.06679332248300987,,,0.07770574493151072,0.1410086415626983,,,,0.22118691466796864,,0.21939328277356446,0.20271881925398652,0.11998890161783966,0.08419473801530902,0.04857401603778184,0.07747020066832035,0.0657579122183718,0.07791596814975905,0.06716564041754416,0.050983580136899916,161,161,PP
,0.10720757476068599,0.07507155859474048,0.08803915401511331,0.07596475235490732,,,0.08523220962327074,0.1459761079501741,,,,0.23464373464373464,,0.22021181076314827,0.19788472213930777,0.1110921475574204,0.07923184652314702,0.048615030527039686,0.07651493378261486,0.06381121563180155,0.07687155127175842,0.0676700145631987,0.05289987386617157,162,162,PP
,0.1052265253464225,0.0708410831526684,0.08552338859859329,0.07241862638218347,,,0.07981709240324987,0.13910776368993205,,,,0.2530090335640686,,0.22454599955037094,0.20524433849821216,0.11005278392726417,0.07733628018875366,0.04666095462465911,0.07494227052433539,0.06280526527832886,0.07503531377602707,0.06466260478916136,0.0485623230554127,163,163,PP
,0.03361027190332326,0.04798325729502828,0.06946650363236526,0.06257177592575569,,,0.14995009021291772,0.21766488527763897,,,,0.17092950717404864,,0.12353715721717233,0.14690244729461585,0.14405378595833793,0.11688647530385311,0.09942920371208655,0.12382981661005114,0.10805535928330531,0.12416794401337497,0.11214459404485173,0.09981427366702514,164,164,PP
,0.027493494206248862,0.039892237472922656,0.0628643814952551,0.05555159964703468,,,0.10662314696081802,0.1780032788059638,,,,0.1693441549598642,,0.12215231069646344,0.138132578495749,0.14105727843165025,0.1086256611217218,0.08811541823773937,0.11360014591390903,0.09559359287259402,0.11004779547531958,0.0984598114103488,0.08303644834201152,165,165,PP
,0.0379566373735927,0.046694746780113906,0.06852765433823213,0.061849257469398664,,,0.10955878443256996,0.18892651731144672,,,,0.19698686085978076,,0.14798854322139285,0.15150550143787841,0.12863981780459374,0.11010644426412837,0.09009896921110136,0.11542081625418164,0.09836348972885271,0.11401764146903066,0.10133494529396929,0.08317797605987312,166,166,PP
,0.031068773344527723,0.03684097940872634,0.05980519251145772,0.05159828360774875,,,0.14113705300577775,0.24713261859330635,,,,0.2664873674296774,,0.18797683922466243,0.18981624396052846,0.1559168145454028,0.11962706658801547,0.08845968605641487,0.12160517256886147,0.11398071540330924,0.1314869155573434,0.11858695181181345,0.10400459599258056,167,167,PP
,0.10384870603848706,0.09623689080814313,0.11144299333610302,0.10130102609539264,,,0.07362548301839743,0.08106162932958866,,,,0.12250886355011478,,0.2732291126134107,0.3175658143035114,0.20051914341336793,0.2894813097652854,0.1565382207901817,0.16080831411565769,0.1262751991113004,0.11651251371066887,0.10229368608021917,0.10286150873612827,168,168,PP
,0.0993237067698892,0.09054085412529819,0.10369042452626684,0.0934837795672782,,,0.06299391910797769,0.06693396306881545,,,,0.09618022184004657,,0.25227308086043176,0.30602556429705835,0.30893997052587835,0.31294308147452427,0.17345631565462466,0.169002561561518,0.13101988896586078,0.11261815235186477,0.09841220165215989,0.10372752747751213,169,169,PP
,0.035395910688722346,0.050567087946865395,0.07541984754848723,0.07052179672257573,,,0.20254633334844183,0.28358323414674375,,,,0.29793970812690845,,0.23083003704164165,0.22896603433214105,0.20265379975874548,0.1461644814683556,0.05125978009079005,0.07957606222734477,0.0660249617672992,0.081622678153236,0.07562902118871448,0.059988175008013074,170,170,PP
,0.04265079691557578,0.056333153632281065,0.08055580404804749,0.07492672467295795,,,0.20198421313107995,0.29585537366137954,,,,0.29942575881870387,,0.2217321096755484,0.2191839423993814,0.20886426592797783,0.14284308864037307,0.12328251420342509,0.15471175412618887,0.14987267869075133,0.1673155543996721,0.16303405616694894,0.15089931525268716,171,171,PP
,0.09048810860036553,0.08124368651361644,0.09795576520949391,0.08280309925906155,,,0.06402093226102885,0.0854179372515144,,,,0.128340701039586,,0.18774548797413032,0.21816338359262372,0.16122196715521808,0.07785658090551512,0.03084364413538189,0.0592969867490851,0.04659162471893645,0.05982685719591844,0.04655751800467525,0.030817863118884535,172,172,PP
,0.09058935255755983,0.08229223072773095,0.09990616005357694,0.08417146274654959,,,0.057007293325513124,0.08536153904032379,,,,0.12974768939057002,,0.18700572198867632,0.21143980992183692,0.11683189254644699,0.06857588687567598,0.028753875511154846,0.056918402420336855,0.04226332679154377,0.05546560240811488,0.04218977199101307,0.026596495537163607,173,173,PP
,0.04220282394319892,0.039522832856608056,0.06310135192744604,0.05217369947999975,,,0.15017100625361357,0.25874094248272445,,,,0.22945495378777148,,0.12353080979826382,0.14014463473607117,0.1321322211850413,0.10616103723963197,0.08122521909788316,0.114524364576494,0.10580490568138559,0.12540463788305412,0.1130089573919201,0.10433944435003922,174,174,PP
,0.03642578063356267,0.03881866941536537,0.062120045954406004,0.052299722462580495,,,0.18117069705252425,0.2954976537604519,,,,0.25293063142919253,,0.1459209617506098,0.16664962332368694,0.0753715830742068,0.05194441162905953,0.0212892022339427,0.04471770767344288,0.028091579610980983,0.04225857709189495,0.03153631735723683,0.021310985016087535,175,175,PP
,0.045156944769216154,0.055922927861604244,0.08618899594797516,0.08027236983825638,,,0.2417350241656259,0.32124477192112566,,,,0.24881369994727465,,0.1500011754662445,0.1733739602179581,0.1606119018302928,0.12276489201034646,0.09101662387749612,0.11594185652660892,0.10425982567960468,0.11987546453951561,0.1062087004018251,0.09292536145297212,176,176,PP
,0.04176759915775261,0.048059739872721705,0.0756693116779884,0.06790108620630451,,,0.22369549951226408,0.30763125632806204,,,,0.2630293769994619,,0.1371439008402351,0.1615464062227184,0.15882924654139075,0.11991396909635961,0.0877164872768681,0.11544623698847499,0.10520540552827082,0.1227786849998207,0.11061151908889306,0.0984346796889952,177,177,PP
,0.07312752703798243,0.04811238155712683,0.06508383065350751,0.052886438272592894,,,0.06491284365781226,0.11870469609965888,,,,0.13822953274724425,,0.10891218106769959,0.10978104279097946,0.08543385030503665,0.05979697902823433,0.03444378563255181,0.07156805847234979,0.05542727503169711,0.0656936991648071,0.053031982440936785,0.03145540073239294,178,178,PP
,0.07253013430003008,0.04954304597747534,0.06660424717177738,0.05395967190204583,,,0.06009251474417295,0.11568300370864147,,,,0.13446699606187146,,0.10705024654951784,0.11073876294580226,0.09032998386374705,0.056174364664515225,0.033957770177705064,0.06981162135126191,0.05521163661208777,0.06099121051803256,0.04724931313086449,0.031062218241912902,179,179,PP
,0.07983112583031157,0.05646587000830199,0.07390912452373305,0.06131659894888269,,,0.06099162324101236,0.1090539184132984,,,,0.13309313008826654,,0.11461749326261081,0.12151944436204928,0.0926181752656236,0.05783269320642694,0.03685065358168586,0.06955147629675203,0.05545568950391434,0.06271264603165473,0.048084275801370965,0.0319906920754592,180,180,PP
,0.028537050754564874,0.030047176698473586,0.05382789110680717,0.0441869668761185,,,0.14789097831500958,0.27865086852418214,,,,0.2801155158091539,,0.1730367443429319,0.17461532354382026,0.1554792382141742,0.12168785247657597,0.024682089536938852,0.04794268253263079,0.03148401120977719,0.04814983393816359,0.03735096262972983,0.02420373256455962,181,181,PP
,0.03788271162853824,0.046610005531510214,0.07604402032189717,0.07301606654864791,,,0.24565458966048123,0.3269589374891925,,,,0.3090757238405274,,0.2435267027416101,0.238015231109257,0.1715210355987055,0.14711203022659736,0.039567957104534084,0.06292748941880771,0.04618242401082894,0.06198807735483395,0.05114506315038157,0.03570491447155354,182,182,PP
,0.0310287525321101,0.02907333667575267,0.05150543131506845,0.04130043945488344,,,0.07755253398706378,0.1958472095176803,,,,0.222096079432774,,0.12934638225795175,0.13696217900786745,0.1756951596292482,0.09051098051952912,0.06712199713340124,0.09893207117958272,0.09191026698572366,0.11158247132244263,0.10277371638805004,0.0943869157980122,183,183,PP
,0.03087989404381881,0.030986414342529026,0.05393699435063144,0.044218738981633324,,,0.06988394709839811,0.17925231444904938,,,,0.21732685635795213,,0.1283008503564401,0.13613933675424272,0.15729908976057375,0.09054852688478097,0.062253373605844174,0.09642446553666265,0.0900814376999921,0.11017389089623654,0.10031104941170414,0.09329226788717739,184,184,PP
,0.02466757212911801,0.035434174938599045,0.05783677626108613,0.051463710630971805,,,0.13927552398671703,0.20853992740742117,,,,0.19434127719902988,,0.1668806023099267,0.19186157498451417,0.22955727115172522,0.046410443351580476,0.022849973094311183,0.04459379503105881,0.02581269539064909,0.04159534448305242,0.03185930766360874,0.021044454321581814,185,185,PP
,0.04510219267125346,0.030031074837637492,0.04469588978623928,0.032468333590774445,,,0.04963475980024357,0.11662935070221862,,,,0.19408013485042355,,0.18238592833331888,0.1740123693676188,0.1071275174924166,0.0636995841761127,0.040698474787741135,0.06809214470367032,0.053014542028305266,0.06757620761483828,0.059288072306604135,0.04035474128423556,186,186,PP
,0.047092987194500106,0.03102493274010304,0.04618722597708964,0.033466923601963655,,,0.04763812098558326,0.11290011662006613,,,,0.198062127526709,,0.18783337216861137,0.18091248361302797,0.1082831214005767,0.061236719335419264,0.03870759637542636,0.06761551945722466,0.052011455474793224,0.06611435060310424,0.05686055752746246,0.038784510256961516,187,187,PP
,0.02066246033131925,0.02794459667497902,0.04943443877894543,0.041112757686888074,,,0.1069866212667734,0.17899907890696962,,,,0.1556678121205879,,0.11879594168920397,0.14826676796459104,0.25380483437779766,0.03685443873786774,0.02025804433227582,0.04023946839891044,0.022224212724200557,0.03877066324109721,0.028511328199326575,0.018290468224062037,188,188,PP
,0.04419770590607604,0.028564441648550275,0.04416572693558884,0.03149816436204489,,,0.05198880217492226,0.12352500773389719,,,,0.18861350022026935,,0.1763334257688359,0.1750949821387263,0.13821892393320964,0.05690897711375856,0.03169184539852932,0.06376439424239991,0.04905226568299571,0.06274836621172633,0.05301456352505688,0.03881489592827812,189,189,PP
,0.01729196818135804,0.02759256741285348,0.04760819812181174,0.0402793353436598,,,0.07467166034880529,0.1303961600641936,,,,0.12389547268201653,,0.1031616288103503,0.12251645380222405,0.14555296868136078,0.07253929701797762,0.05107849514129291,0.0736857756205521,0.06221992054384606,0.07584279057549778,0.06374122538876888,0.01635572269191023,190,190,PP
,0.03404961447807844,0.03444289509453812,0.05749563143869649,0.047948753996822906,,,0.07251383293043245,0.18701045070778816,,,,0.24760307329946465,,0.19703540917930232,0.19067528832412162,0.16879557649799015,0.037327538780869834,0.018295249738311294,0.03977421742593102,0.021924147623628397,0.03757977008293825,0.02958200630779156,0.016869601144002162,191,191,PP
,0.03459668984772362,0.03776336071383174,0.06183380489788572,0.05433008141270057,,,0.083816595658797,0.2036613272311213,,,,0.27888008274199405,,0.23037974683544304,0.2199053654174169,0.16718140947205676,0.041301712012560186,0.02270553398039273,0.04367903313271963,0.026604313257660824,0.04173168996978701,0.03302457355798909,0.019254748384657024,192,192,PP
,0.04061468477539152,0.04290765856886442,0.06650956471081615,0.05850581290080603,,,0.0792503539405884,0.20237900584933505,,,,0.2748499512528124,,0.2287207391274544,0.21789832985747953,0.15698996217302336,0.04416661007239117,0.026164484757857934,0.04667578546453132,0.030520617131055586,0.04416025532405885,0.03591550865620507,0.02267065362404011,193,193,PP
,0.0401483510411114,0.04039444879084579,0.06340106315615379,0.056914656158554316,,,0.13440118929737563,0.2692471468742755,,,,0.2881080835346165,,0.20704345356432832,0.20326877892961218,0.17509591907917685,0.047094663574452036,0.03005005829547072,0.05124625377463164,0.03586518533761669,0.04944165236830669,0.040334504912728456,0.02671699937219787,194,194,PP
,0.045792734564400125,0.04799643693215963,0.07389240031138074,0.06750061189870857,,,0.16086130959772885,0.2743447610390457,,,,0.29778982379809776,,0.22823473476453796,0.22931348658046852,0.17155011830512507,0.06119184171480081,0.042782690529191224,0.0656913448542855,0.05191219693136145,0.06421769379951095,0.054434527934536285,0.04124556684617834,195,195,PP
,0.03626050211249529,0.03893718612786925,0.06535765756409788,0.05772605467742887,,,0.1157234077072076,0.25180307306365635,,,,0.27887067589021974,,0.2141344102723091,0.2077705676025814,0.1514919663351186,0.05167617991373139,0.03487250310354591,0.05625219824417689,0.04083186571675377,0.05333874764814814,0.04476801684888118,0.03234411232673706,196,196,PP
,0.00905354080788063,0.010011339330652078,0.027554568613626387,0.012927757290360676,,,0.04347511589839956,0.15059497188644727,,,,0.26258362472308755,,0.23332269390360677,0.21034402778223812,0.09719664415526715,0.06006433920609144,0.03859531560250221,0.06498948770796598,0.052441515643485946,0.06502492313527934,0.05394371038065965,0.035810634456887765,197,197,PP
,0.04755244217208625,0.021687689121930902,0.03779023451920648,0.02455411834945118,,,0.04838733778414373,0.14782677242608153,,,,0.25240971468867685,,0.2784174785946265,0.2076292060763452,0.0972126568428175,0.06306485738787942,0.038491506038719085,0.06686754295935451,0.05411339889406871,0.06583872694950132,0.056952290053335665,0.03859743633819111,198,198,PP
,0.08912981002191175,0.05141859890782684,0.06603310978065016,0.05356312502930229,,,0.07161283968868543,0.15756271500832428,,,,0.2689298843397334,,0.25673752621467893,0.22586624859885546,0.11051356346273755,0.06416711626746101,0.04512611202479585,0.07445907414518556,0.06282546489418804,0.07393562189802096,0.06328458453865239,0.04614817111261751,199,199,PP
,0.08238714691510723,0.04024349654224091,0.05544504713316404,0.04176206072546869,,,0.05976929544115191,0.14114505384733314,,,,0.2543456396878153,,0.2690665039658328,0.21555132100365856,0.08837041738100619,0.059089450779148574,0.04054758823800418,0.06886857294506077,0.05710833496027268,0.06881544227020284,0.05781889991680885,0.037461037298200266,200,200,PP
,0.08763875877045119,0.056341660771634584,0.07198550909753217,0.05788146695351123,,,0.06618136074311837,0.14389799575880052,,,,0.2544680384370676,,0.24485497392217775,0.21918130494151453,0.09620067419006996,0.06094461805429296,0.042506510847352984,0.0717215684352166,0.061158976385078154,0.07175921409388075,0.06002208038418422,0.041527865657769523,201,201,PP
,0.010529145129570799,0.0119453167918537,0.029559287154178465,0.01589134338531184,,,0.04160138495682909,0.14292832999682165,,,,0.23560959081964106,,0.27347385710375033,0.18994230296711412,0.07668623176943148,0.05035008588722742,0.029835157587073054,0.05716125407823325,0.04247204602249716,0.05519386107325953,0.046313359565072626,0.025868414933295506,202,202,PP
,0.04613547136628085,0.044202653713896436,0.06862522004819917,0.05944873808113523,,,0.09345960752373456,0.1961784891271697,,,,0.24247656798224393,,0.19305590088569063,0.17624878683922027,0.1857333028076278,0.12374632324379861,0.09621868927896134,0.12520456802372693,0.11737005470722428,0.13369847097516369,0.12439552860441974,0.1085974363077304,203,203,PP
,0.046117394813958094,0.044232330244178886,0.06760573116851289,0.058463965550559625,,,0.11465025762679572,0.21826011987639288,,,,0.24670483011127994,,0.17899118932464986,0.16823827451916043,0.18819651520254185,0.12189793224251542,0.09544474512270737,0.12130428124974471,0.11344189273814834,0.13106953907821386,0.12622047376417012,0.10921981371426906,204,204,PP
,0.09018222878406322,0.08044107503378028,0.09736101510902861,0.08416119667913519,,,0.060034456096478554,0.10164074434706709,,,,0.1547258049685604,,0.25632499017645827,0.27506932816201973,0.13768529076396807,0.09394745001385757,0.04829114654442794,0.07471315698093893,0.06400937480871186,0.07264230992219868,0.07087301272359886,0.040902899146424795,205,205,PP
,0.09254725737397473,0.08511800069567665,0.10119044201403204,0.08914667656179202,,,0.05808960320228867,0.08272772611877474,,,,0.13915162065436232,,0.2353195486664612,0.2536580209648444,0.1557712992940118,0.10008805161790281,0.05246490230273317,0.07486285528658067,0.06399064339894255,0.07273261223793012,0.06881029458261381,0.042460974701766185,206,206,PP
,0.08131214754102618,0.07547831501220757,0.09249520911091681,0.08131858736210697,,,0.05028821102406736,0.06992669158252528,,,,0.137002195764773,,0.2437407830605728,0.26630053796016623,0.1557441132331571,0.08942831080807197,0.053173591372300454,0.07851560885644009,0.06493804042204965,0.07468133079364235,0.07265720676057101,0.04151186534604634,207,207,PP
,0.040245730060424964,0.03880313474233239,0.061791278331506085,0.05155146962385852,,,0.1293016275611375,0.24072206050164846,,,,0.25145869499495016,,0.1831340500479049,0.17424369282855037,0.18870818735783654,0.12667831920236292,0.09981797669703407,0.1296178350166213,0.12136576983171292,0.1393953793100292,0.13692370620664648,0.11839569487345178,208,208,PP
,0.12069902273757971,0.14627210701826898,0.17409498069611154,0.17042167398932667,,,0.25890687875537605,0.27041299675998653,,,,0.32329052902766503,,0.2665572413003803,0.22311458895996766,0.20754639570247885,0.15982778152443125,0.13253019667703755,0.15961996766637007,0.1518207121603545,0.16823264804337504,0.1655650070208605,0.15389816396587197,209,209,PP
,0.11989057789060482,0.1469498641639911,0.17417721518987342,0.17454538217873666,,,0.26046284122149227,0.23136893337347528,,,,0.3291003203856474,,0.2585114268109044,0.21637473963333242,0.21129438238794052,0.15863081916149818,0.1314296174214857,0.15479996434024385,0.1518274744835022,0.16847545972332775,0.1654799372068016,0.153858884581493,210,210,PP
,0.14904330312185296,0.18204465466081432,0.21467608706206415,0.21411566289640965,,,0.29816485685720645,0.28219805380652546,,,,0.33845374246348425,,0.2623083131557708,0.22428626084274322,0.20442453094371324,0.16527583100774434,0.1429170005519328,0.1656261609266563,0.16415917449697595,0.17934176793014528,0.17803615906364975,0.1654429993182765,211,211,PP
,0.16011308147005912,0.18052716026284307,0.2128628343767786,0.21127412948386642,,,0.30766298131910025,0.2551867219917012,,,,0.32489628369132373,,0.2347514818241857,0.21839542933045578,0.1945054945054945,0.1527668092888194,0.12854177849909776,0.15480954614046263,0.1527060490396132,0.16753807959720796,0.16847019641970024,0.15280514713604082,212,212,PP
,0.1802987393322021,0.21597174437458752,0.2446774638802896,0.24733212756741488,,,0.3096779328456034,0.2919982284240793,,,,0.3212315635491205,,0.27573578240319596,0.24467974848867705,0.19692714958874882,0.16176845718304056,0.13427657912383584,0.16266656707191168,0.15775640045475728,0.1762367545885948,0.17645392810457547,0.07079493777802023,213,213,PP
,0.14478859648139064,0.1752705323037454,0.2065912087103377,0.20464173549611753,,,0.3032715578418594,0.32956160548507374,,,,0.3485023722169621,,0.28569141940633586,0.23991693638603548,0.20477121509632434,0.16842402363123107,0.14603644593405615,0.17334795024821137,0.16835234116892644,0.18608308295268383,0.18112033822414358,0.07474599832941155,214,214,PP
,0.13034520641758357,0.1518814053295317,0.18125973429628212,0.18019233618573022,,,0.3126912153666131,0.35063067547911103,,,,0.34418450919321464,,0.25719819486858314,0.22908082454558143,0.19883177024185245,0.1605961705444319,0.13925463476498237,0.1685442825271461,0.16320190987745203,0.18008676220410863,0.18103485350100143,0.15805676196137755,215,215,PP
,0.13595903522617572,0.1564707371794507,0.18612182470505667,0.18595779085607014,,,0.31779481200451276,0.3543696984053192,,,,0.33363758388889214,,0.24566492130846618,0.21914499692927164,0.19395854842959928,0.1556921486358581,0.13510539053639561,0.16352780393709845,0.15989446465202498,0.17534905132349166,0.17550472683883586,0.1560534252217699,216,216,PP
,0.12524915873753406,0.14142078997237592,0.1693975760060572,0.17223296052763173,,,0.31092403676104313,0.3388672792091948,,,,0.31354978532318684,,0.2231743559830391,0.20646680754277133,0.20364944492730713,0.14575667117459476,0.12030089699603995,0.14918690849056138,0.14476162174108678,0.1604093292952021,0.1619155880221123,0.1447090357461426,217,217,PP
,0.08468301712170291,0.07252174160593122,0.09016392509323616,0.0749351629560014,,,0.05252204586242342,0.0600594711791618,,,,0.09410252748821933,,0.2062669211169908,0.2717103682850923,0.236822568671121,0.1773810392172059,0.12768653552908846,0.11411087113030957,0.08160746042307733,0.08851536593152858,0.06805504236392437,0.08422727404865936,218,218,PP
,0.08476651288963073,0.07139170832369918,0.08816412006763849,0.07446137628932356,,,0.04453102952876287,0.05711692158177396,,,,0.07492316592506071,,0.18921447795964888,0.2534838948100909,0.2369515011547344,0.18451327433628317,0.1378299120234604,0.11748067131812182,0.08368337183764775,0.0869580589098883,0.06671917725975594,0.08440872825513121,219,219,PP
,0.08906594598583134,0.0774257961429209,0.09342412072208112,0.08055367549219691,,,0.05090478050761275,0.05998810904313456,,,,0.08130348819819307,,0.1935394879054884,0.25958581231400807,0.22692574600971546,0.16969587016756826,0.12288937696233065,0.10561847439284618,0.07776698772843323,0.08423437330186112,0.06768843770171662,0.08178895885174005,220,220,PP
,0.09542919382620822,0.08176315224331432,0.09785931772588667,0.08472087154993688,,,0.051087535750811396,0.06293469443205137,,,,0.08526158356165041,,0.2086076387603054,0.2739824370200558,0.19333816075307747,0.2086523115726711,0.15171383435870814,0.11319046181708421,0.09243642904942606,0.09162395816067427,0.07450158590022503,0.08797230432096642,221,221,PP
,0.08390602525171807,0.07041424259278793,0.08562874251497006,0.0715888509671845,,,0.044971381847914965,0.07184046851429789,,,,0.06610707108122808,,0.1722941894390615,0.2389127878557649,0.14507772020725387,0.20199884855343786,0.14190524089018625,0.10855159356263806,0.08566467413318733,0.08670876864431355,0.07151617828715776,0.08611099857152359,222,222,PP
,0.08749192408107043,0.07500371305510174,0.0907426903565813,0.07714408849303261,,,0.048998544323202824,0.06209961732246016,,,,0.08449621782746519,,0.2173523080404997,0.2827840243124377,0.1377444860590928,0.1974478676741052,0.14505115397974658,0.11415004748338081,0.08896797153024912,0.08851857514141569,0.07215073750332798,0.08669274597649942,223,223,PP
,0.0818455177167618,0.07395604584627864,0.08865116281574185,0.07851725398126781,,,0.041327487363666024,0.05404089023941862,,,,0.04837312545543861,,0.1323231237341801,0.19380699753867758,0.197098976109215,0.27052030716162767,0.2153198573432492,0.1773683581014572,0.12636132047643894,0.10279904652666876,0.08231897579198831,0.10283377460291943,224,224,PP
,0.09478381493294581,0.08654758733373469,0.10212950583404104,0.09054249480581723,,,0.05127470638785448,0.06123701741749733,,,,0.07885858498565436,,0.18295407940157582,0.2428265644636039,0.20198265179677818,0.2842725703937893,0.23316123111004694,0.18834293436630725,0.13610227985890666,0.10964920576956552,0.09221698199629522,0.10186153263780136,225,225,PP
,0.08418566644196536,0.07618722241202597,0.09182428309945088,0.08135476937543319,,,0.04647028139252807,0.06511703257056624,,,,0.10116537127365066,,0.2328952991947064,0.2838136800516762,0.28100113765642776,0.30332451324404297,0.22882380012673267,0.16932970460890023,0.12860137026891377,0.10674898729297978,0.09440642135015749,0.10187564237345796,226,226,PP
,0.11056862172065351,0.10513933352319745,0.11990692992813762,0.07492690462645131,,,0.060747185450837085,0.09142510986856657,,,,0.14403962414372393,,0.16354083076337964,0.16952569298286008,0.16897142667637743,0.10690764251685216,0.07362860386939007,0.11083220564270989,0.09335128006334882,0.10107098593116912,0.09318908295888025,0.06367483930685777,227,227,PP
,0.10775740107214325,0.1111669348023271,0.12717977513258324,0.11353748900428781,,,0.08535190506093043,0.08728567746245856,,,,0.08881915653879936,,0.11096505323391126,0.14804891675996576,0.16834895457822638,0.2087877149093559,0.17913121361397225,0.1801941472619447,0.15478702591098206,0.15571205007824726,0.14314480933488388,0.12323542906447077,228,228,PP
,0.05058685935743162,0.06765835838269978,0.09524944274641536,0.09145656441921464,,,0.2666476817995537,0.3448655686695686,,,,0.3296161755913427,,0.24360797866411468,0.23188035499615908,0.1839492121803488,0.14598348345692455,0.11162997160419617,0.14565469749222668,0.13990154887948555,0.15774947256928276,0.1547047632220948,0.06001076110630024,229,229,PP
,0.01300542631118421,0.034382760231107486,0.05989542425895193,0.053087904918146946,,,0.17630082768131974,0.23664183428225052,,,,0.20136457637857733,,0.14145585957666496,0.17083241819054004,0.15353304572707802,0.1196424117750538,0.1001441348766386,0.13127445004707586,0.12249336283647258,0.13926538088862303,0.13557075962649362,0.11953714291737685,230,230,PP
,7.366180392396032E-4,0.02129559511977462,0.04417627342678553,0.03826063421689112,,,0.15866050002327955,0.21217942939650028,,,,0.17034663835051816,,0.1166845335167472,0.14795602763242585,0.14671922071759888,0.10425725455987796,0.08436721135537549,0.1130018482517495,0.10329646633618768,0.12079168889506949,0.1203510214274332,0.10389158227544106,231,231,PP
,0.0017049483101421023,0.027044443508071343,0.05209955208432429,0.04711225308626246,,,0.1940461274398625,0.2591802479251474,,,,0.24468215706020366,,0.16981169737204127,0.18998861071844458,0.1599246457302104,0.1277062922190291,0.11286047396400646,0.13595137171434277,0.12727826402774617,0.14402189893622783,0.1413523131672598,0.1233139402382307,232,232,PP
,-3.0795409837231776E-4,0.016790857724422997,0.04177113421493711,0.036360174650210166,,,0.1694057603611391,0.26078353779184804,,,,0.22872755659640906,,0.14906665844939904,0.1647928518221875,0.14432859368568757,0.11208657555232557,0.0920494775006362,0.12002644505454467,0.11013293497979997,0.12722279988418753,0.12618107835216275,0.10868462315405589,233,233,PP
,0.014892911030896782,0.033429485514309826,0.0579172536314962,0.05203321635756147,,,0.16632756492137826,0.225291621993466,,,,0.18317323445464412,,0.13321133343936603,0.16159093215818426,0.14728614426431674,0.11479566977501983,0.09419197373832036,0.1255170236104942,0.11580458715617006,0.13533004883083902,0.13229743695735965,0.11542660063113266,234,234,PP
,0.13697200337913515,0.16980676988049404,0.19996487888474798,0.19900967808506584,,,0.33551701618237884,0.3386327081126937,,,,0.3226416587676618,,0.239679879230349,0.22149726794073565,0.17528376466528245,0.14765886327398284,0.12622740803627017,0.15497632201365408,0.14807190558601052,0.07106732712961261,0.07006551493908098,0.0594028034328971,235,235,PP
,0.1930233114052164,0.2027082197525986,0.23100498910443915,0.23215001223329831,,,0.3578627093552977,0.37257855576426785,,,,0.35882418619573525,,0.304291579075031,0.25544582392113435,0.2163227846837628,0.15695522935706036,0.12910740893683761,0.16365334183736932,0.16128115059789752,0.18109265680898112,0.1791902517965381,0.16245004700623877,236,236,PP
,0.16174491916269337,0.19657914309762678,0.22725965618550917,0.22614162624910783,,,0.3546796196180208,0.3487079328399882,,,,0.32387333699766874,,0.24951817927063336,0.22976956226336112,0.18762222477855747,0.1520753325340509,0.12899043650830666,0.1604280086505825,0.15452814700179154,0.07355042609719327,0.08831237139208006,0.07612548749730814,237,237,PP
,0.17612892426429375,0.20755721128259713,0.23297570536419107,0.234192037470726,,,0.3426335511093694,0.3489177489177489,,,,0.3159204586479167,,0.2417800539205958,0.2270957695302362,0.19195979899497487,0.14898254267085853,0.12536527726704946,0.15477637014183623,0.14795998840420532,0.07351201191103506,0.08287432335873403,0.07540911065963675,238,238,PP
,0.2248705582939694,0.2230437714237934,0.24846589828438706,0.24756692210089545,,,0.3615528124306344,0.37243224685685694,,,,0.36175822235179766,,0.298347460704078,0.2504208961676794,0.2195688935778671,0.15777851657599118,0.13347823909908618,0.16549503111123887,0.16280653675480414,0.18330377961478386,0.17717894450028257,0.16156158984243055,239,239,PP
,0.23586062614529915,0.23557351321671177,0.26035947900939227,0.25943571725116193,,,0.36456412765751717,0.37064119572567217,,,,0.36478984653879903,,0.3025009824523921,0.2535119909249229,0.2241634680626142,0.16339522678497656,0.13887354970247104,0.1716513863306995,0.16766911432909104,0.18707970193242418,0.17815841988937683,0.16453049369902686,240,240,PP
,0.15474452554744525,0.17946129520769094,0.20442663788410045,0.2024896265560166,,,0.31263664188893747,0.34044595431598473,,,,0.31593947796418936,,0.2230035667266179,0.2121955205018677,0.20080293036705255,0.1511290247163576,0.12440642577616878,0.15354381429712202,0.14570835881869057,0.0750330180682421,0.08631432339550994,0.078682344049585,241,241,PP
,0.18910433912344052,0.198749319206882,0.22596575760136087,0.22909061466491085,,,0.3588915964772132,0.35829416780782286,,,,0.35117882172129994,,0.29337606529798227,0.24654857713502581,0.21622688354451616,0.16549867595571927,0.15000046688344626,0.18026688531617102,0.17337563003528342,0.1918959083553287,0.181274842089642,0.17049476848199005,242,242,PP
,0.1696346524697995,0.18625394981966029,0.21058271636815748,0.20562293274531424,,,0.30405894267009087,0.3251051349325849,,,,0.30145097352735706,,0.2064233695183761,0.19767862655274623,0.1947863012597706,0.14872913439829258,0.12280268723085504,0.15356836264145332,0.14316097371087164,0.06957419055708229,0.08265378293652276,0.076381272615575,243,243,PP
,0.05539933565858959,0.04812465374068203,0.06520891782228191,0.05261646915864506,,,0.03262159095839588,0.09119089290101047,,,,0.2173257942189616,,0.22155678065935952,0.22932234161798426,0.1761269578182002,0.06701258299352253,0.0314536585028592,0.054389993286619996,0.03882615013231026,0.0574043210657507,0.03638810852791251,0.03300618937954764,244,244,PP
,0.05931777587609281,0.05054013242116456,0.049584977836373986,0.03625467897677589,,,0.045468913586042964,0.1065654833863242,,,,0.15872305729641006,,0.15377140396173594,0.14397194432115304,0.11837398939498465,0.06112003246593111,0.03172731586241941,0.06885957435344967,0.054196423862155015,0.06587937828329717,0.05617227703617155,0.0456306903330242,245,245,PP
,0.0857022866672542,0.076471527538329,0.09164760690913823,0.07984218149585538,,,0.046207186781017984,0.06490460993273219,,,,0.06891336465137185,,0.16935932513138163,0.22886757876729583,0.19136793294096666,0.2768035372471806,0.21641474007441158,0.17342583501297643,0.12642820363695034,0.10401352780424189,0.08737534123177465,0.11474985595545298,246,246,PP
,0.13644211818643204,0.17155735175599043,0.20176245320544556,0.2065381907711696,,,0.3345563553593597,0.34106280294740315,,,,0.3314797674785307,,0.2559625313774409,0.23409603149329464,0.19482972994089737,0.1530655032132461,0.12524775401181606,0.15552756654651914,0.15063963158683252,0.1687165198360901,0.08615032736034099,0.07494071610985559,247,247,PP
,0.13597858454361264,0.1615550211093698,0.18982045988667826,0.19199592448675876,,,0.3132493244252046,0.29579477377079455,,,,0.330175272382757,,0.26104557887643215,0.23683749427621464,0.1982521847690387,0.15406527544789267,0.12674355568167842,0.15694842626329197,0.15258285657765366,0.16099325768788028,0.09186046511627907,0.0807313502800849,248,248,PP
,0.08481162553696185,0.0714163168443602,0.08910896784453197,0.07749532363855116,,,0.04728218430013895,0.06974410708114191,,,,0.15183931976319864,,0.27897494327617245,0.300207995817799,0.16351410588065196,0.08938787867932348,0.07465363087677157,0.0951128465702236,0.07761375806511048,0.08451217540904628,0.08056876263400536,0.04735931664333497,249,249,PP
,0.09844229142104542,0.06577287230518544,0.08121105044355414,0.06765431049172131,,,0.07443760597338851,0.15089598860684922,,,,0.2700424887280912,,0.2602300816427258,0.21061359867330018,0.12171507607192254,0.08565429553952324,0.04467716418074702,0.07276197362194978,0.06230334000506692,0.07345980785023584,0.06224665152336426,0.04702876114160414,250,250,PP
,0.10429447852760736,0.06845513413506013,0.0827617741197988,0.07195735860230974,,,0.07614797754426371,0.13404168369431957,,,,0.20622119815668202,,0.2154024319629415,0.2002840909090909,0.11202815875713072,0.07541322314049587,0.046182846371347785,0.07434788673455155,0.06117969821673525,0.07434583967880382,0.06435224386113463,0.04730198363157165,251,251,PP
,0.09626439811491286,0.051890941072999124,0.06479891018876802,0.052819688033131786,,,0.06818181818181818,0.13978494623655913,,,,0.2085080886758538,,0.24318801089918257,0.19496556637378296,0.10824668907325934,0.07832520315275561,0.04085889189584793,0.06893048904368017,0.05704776718605772,0.0701294581597219,0.061088592935726695,0.04609518278078906,252,252,PP
,0.09527466358352821,0.05506293387997232,0.06870485469511171,0.056237878952553035,,,0.07235408873486014,0.13314503870372685,,,,0.21507189771678922,,0.2006980802792321,0.19821928447151257,0.11160805594776362,0.07300907534920628,0.034029863645968494,0.06525955789160204,0.05448026120486544,0.06615100601515442,0.0573009869659878,0.04120130520619785,253,253,PP
,0.10677126163298142,0.07641148899201781,0.09060596800034967,0.07782662885163473,,,0.08677860851744444,0.16071142119922469,,,,0.29251128511441427,,0.28386484090192815,0.25651577503429357,0.13930686784195784,0.10322733691706992,0.051994469401923316,0.08230208974542917,0.07101222509915478,0.08332340826036617,0.07057697505779192,0.053497507346853976,254,254,PP
,0.1034417426168851,0.06553292657234187,0.08020186459060628,0.06702774697158845,,,0.07692426309136866,0.13803533216472888,,,,0.24351476510969153,,0.2373887991666233,0.2148974418444824,0.11866453822582572,0.09440171789772347,0.04181497425453886,0.07049766810382198,0.059311880671841954,0.0705394923199289,0.05984210212092101,0.04378253803261508,255,255,PP
,0.043923270696197,0.055673280678096695,0.08512787055019785,0.08190124388183706,,,0.2558659217877095,0.3134020618556701,,,,0.2623608017817372,,0.16280321226443373,0.20318543799772468,0.15523207254504237,0.12390442714525125,0.1065975223278594,0.13440121761231366,0.128,0.14494415737055563,0.14422299347567066,0.1256372950181107,256,256,PP
,0.046210211411362535,0.061278205593417664,0.09291851872526917,0.08707309165589457,,,0.2283054003724395,0.25307558789057744,,,,0.1965213139492724,,0.13831488562542407,0.20183867167734076,0.15282299033547184,0.10422220497804187,0.08466746439503238,0.11297408847648889,0.10183457305814723,0.11842132573132595,0.11003795303706215,0.10180994594721712,257,257,PP
,0.08467952970699091,0.05283387113858145,0.06853062615740117,0.05838104792159262,,,0.06625035601389122,0.1243131130737939,,,,0.14694390515528613,,0.11452940986608903,0.11449127314183696,0.09487684613237861,0.06373625259855836,0.04123712179936973,0.07643801729028014,0.059820405219521276,0.07249658496297023,0.058840602470212625,0.03585734559816767,258,258,PP
,0.046675395091216175,0.048098979915827254,0.05342032095294923,0.033919195076464376,,,0.03207183754175778,0.0727059863967184,,,,0.10026508530146931,,0.11024508270389637,0.11845740056424665,0.1352977840960136,0.06495950643299944,0.042580847195648266,0.08157637089619431,0.06293078026611841,0.07084693262909461,0.062141557767910444,0.03969631356882461,259,259,PP
,0.09498233889727725,0.08770757766635466,0.08033428582197219,0.06768354980735079,,,0.05813887091671748,0.11222894146758872,,,,0.11048843945044055,,0.15000985758488666,0.1683865764366203,0.15544303797468353,0.10483896580786174,0.07084972507784153,0.0949277153609885,0.08742291943714543,0.09314673324732142,0.08832547923332972,0.061047754611556725,260,260,PP
,0.10521873994300544,0.09890913405405352,0.09408221177568779,0.08133062922194804,,,0.06501269129193703,0.10102641400321036,,,,0.11808035877570368,,0.14997990397194896,0.15477061992851593,0.1383431790081055,0.0708142891582966,0.04924650355359642,0.09043701774970143,0.07567216353786553,0.08152958788998722,0.07670474733438715,0.049279637103145486,261,261,PP
,0.10184797822988031,0.10079083575584118,0.09944495107963969,0.08179525908100221,,,0.061948965071014384,0.08454397039805453,,,,0.06802443221380078,,0.10305583705906145,0.1255829902675563,0.11143187066974596,0.06495316941162356,0.05713089332538647,0.07863000909346762,0.062094869762137204,0.06782777812754227,0.06203577314942451,0.03740786120595212,262,262,PP
,0.09446840266580606,0.08816207309394519,0.09404249623913927,0.07353114424102795,,,0.0551888668773222,0.07775438109581194,,,,0.10899377896810923,,0.14207417779295337,0.15196035629647622,0.1201084075028697,0.07156668235935855,0.06131661784422121,0.08711737103306051,0.07052288472523074,0.07792153675160973,0.07150783544988938,0.04515041010847943,263,263,PP
,0.009978307934625395,0.011522461749432012,0.02812239314663537,0.0134240478589208,,,0.04123007877782524,0.14688212559153432,,,,0.24569893115377409,,0.28816986855409504,0.19569084951268362,0.06793658407618994,0.045504867068887435,0.02872671378016447,0.056084906506864,0.04434359386296141,0.05527466707275248,0.04340851815290621,0.022006546762368736,264,264,PP
,0.010898804073234045,0.011495071885080414,0.028564519796163885,0.01483684986104396,,,0.06188357525983755,0.15953664044119564,,,,0.23091806111592533,,0.18880447952629364,0.18818854537615087,0.07376252063135862,0.051291181210535615,0.03459873474921222,0.06215108671764194,0.04825884555394967,0.06195352550600775,0.05043524299511645,0.028717218327092106,265,265,PP
,0.08559303774604324,0.07497877084012881,0.09158824558672976,0.07790542125044383,,,0.047142593195706475,0.07848722023913088,,,,0.0600205544074041,,0.15766731052788036,0.22131256702238056,,0.2666316950745646,0.2104457406317719,0.16579597892151493,0.11855756231300177,0.09935545811841988,0.08227532192794929,0.09389862753091453,266,266,PP
,0.0998976100986721,0.09104820323637743,0.10716663859082853,0.09791120548991572,,,0.05563886911025191,0.08839930059855142,,,,0.06334380844140046,,0.14483755096480805,0.2161583218595794,0.011739130434782608,0.2653320173903793,0.19668845062845405,0.14570948242923668,0.10652777753348684,0.09545807961572064,0.08117603826052928,0.09205561068004406,267,267,PP
,0.01730875473915317,0.01640379734526043,0.04030641061171435,0.02412387843644231,,,0.10721385384195686,0.2838162833691211,,,,0.31950909860347015,,0.27475923119969964,0.23536439665471923,0.16702612029714833,0.11531696086170244,0.09988086948554802,0.12580458039681794,0.11634546752319772,0.1332923832923833,0.115428894753798,0.11199764509604168,268,268,PP
,0.06759290258904603,0.05691313589071672,0.06804940089819093,0.04808783117112661,,,0.04369737801634129,0.06871009708687938,,,,0.11381611979375963,,0.24177332219830835,0.26316433771256864,0.1357974593842725,0.05907853517249799,0.028071362783722333,0.05547527435152477,0.03829354061185278,0.05299243516463064,0.04227850203472116,0.036349741642416986,269,269,PP
